USER,SCORE,ORIGINAL,CHECKED,MECAB
karo,5,분위기도 너무 좋고 음식도 퀄리티 좋고 맛있는데 가격도 저렴해서 정말 잘 먹고갔어요 일반적인 메뉴가 아닌 이곳만의 메뉴가 있어 골라먹는 재미도 있었습니당,분위기도 너무 좋고 음식도 퀄리티 좋고 맛있는데 가격도 저렴해서 정말 잘 먹고 갔어요 일반적인 메뉴가 아닌 이곳만의 메뉴가 있어 골라 먹는 재미도 있었습니다,"분위기,도,너무,좋,고,음식,도,퀄리티,좋,고,맛있,는데,가격,도,저렴,해서,정말,잘,먹,고,갔,어요,일반,적,인,메뉴,가,아닌,이곳,만,의,메뉴,가,있,어,골라,먹,는,재미,도,있,었,습니다"
kob****,3,디저트는 맛있지만 직원들 서비스가 불친절 단순계산하는것도 체계가 없이 직원들끼리 정신없어해요,디저트는 맛있지만 직원들 서비스가 불친절 단순 계산하는 것도 체계가 없이 직원들끼리 정신없어해요,"디저트,는,맛있,지만,직원,들,서비스,가,불친절,단순,계산,하,는,것,도,체계,가,없이,직원,들,끼리,정신없,어,해요"
hey****,5,오늘 먹은 빵과 브런치 모두 성공 라라브레드 갈때마다 새로운 메뉴가 생겨서 넘 좋아요 생크림빵은 애기가 정말 잘먹어용 ,오늘 먹은 빵과 브런치 모두 성공 라라 브레드 갈 때마다 새로운 메뉴가 생겨서 너무 좋아요 생크림 빵은 아기가 정말 잘 먹어요,"오늘,먹,은,빵,과,브런치,모두,성공,라라,브레드,갈,때,마다,새로운,메뉴,가,생겨서,너무,좋,아요,생크림,빵,은,아기,가,정말,잘,먹,어요"
Hyewon J,5,빵이 다 맛있어용 가격도 착하궁 직원분들도 너무 친절하셔서 단골예약이용,빵이 다 맛있어요 가격도 착하고 직원분들도 너무 친절하셔서 단골 예약이 용,"빵,이,다,맛있,어요,가격,도,착하,고,직원,분,들,도,너무,친절,하,셔서,단골,예약,이,용"
illllly,4,메뉴가 많이줄어서아쉽고 가격이비싸지만 일찍열어서좋음,메뉴가 많이 줄어서 아쉽고 가격이 비싸지만 일찍 열어서 좋음,"메뉴,가,많이,줄,어서,아쉽,고,가격,이,비싸,지만,일찍,열,어서,좋,음"
담뚱이,4.5,파스타 먹고 빵이랑 커피 마셨어요 파스타가 너무 맛있어요 파스타 또 먹으러 가야겠어요,파스타 먹고 빵이랑 커피 마셨어요 파스타가 너무 맛있어요 파스타 또 먹으러 가야겠어요,"파스타,먹,고,빵,이랑,커피,마셨,어요,파스타,가,너무,맛있,어요,파스타,또,먹,으러,가,야,겠,어요"
도도,5,친절,친절,친절
안녕,5,라라브레드 파블로바도 진짜좋아했는데 역시 뭘만들던 빵이 맛잇어야 한다는걸 알앗어요 뭘해도 맛있더라구요 베리베리아이스가 신메뉴로나왔는게 빵도맛잇고 아이스크림도맛잇고 조화로운 저 달달달베리들  차돌달래는 상큼하고 브런치집에서 이렇게 맛있는 오일파스타라니,라라 브레드 파블로바도 진짜 좋아했는데 역시 뭘 만들던 빵이 맛있어야 한다는 걸 알았어요 뭘 해도 맛있더라고요 베리 베리 아이스가 신메뉴로 나왔는 게 빵도 맛있고 아이스크림도 맛있고 조화로운 저 달달 달 베리들  차돌 달래는 상큼하고 브런치 집에서 이렇게 맛있는 오일 파스타라니,"라라,브레드,파블로바,도,진짜,좋,아,했,는데,역시,뭘,만들,던,빵,이,맛있,어야,한다는,걸,알,았,어요,뭘,해도,맛있,더라고요,베리,베리,아이스,가,신,메뉴,로,나왔,는,게,빵,도,맛있,고,아이스크림,도,맛있,고,조화,로운,저,달달,달,베리,들,차돌,달래,는,상큼,하,고,브런치,집,에서,이렇게,맛있,는,오일,파스타,라니"
도도,4.5,초코스콘 넘 맛있어요 와이파이가 너무 연결이 안돼요,초코 스콘 너무 맛있어요 와이파이가 너무 연결이 안 돼요,"초코,스콘,너무,맛있,어요,와이파이,가,너무,연결,이,안,돼요"
수피아희야,4.5,맛있어요 매장좌석은 조금 정신 없어요,맛있어요 매장 좌석은 조금 정신없어요,"맛있,어요,매장,좌석,은,조금,정신없,어요"
SH,5,브런치와 디저트까지 한번에 즐길 수 있는데 맛까지 갖춰져서 완전 좋았어요 인테리어도 깔끔해서 사진도 잘 나오고 분위기 짱짱,브런치와 디저트까지 한 번에 즐길 수 있는데 맛까지 갖춰져서 정말 좋았어요 인테리어도 깔끔해서 사진도 잘 나오고 분위기 짱짱,"브런치,와,디저트,까지,한,번,에,즐길,수,있,는데,맛,까지,갖춰,져서,정말,좋,았,어요,인테리어,도,깔끔,해서,사진,도,잘,나오,고,분위기,짱짱"
메론,5,맛있네요 퀄리티가느껴졌어요,맛있네요 퀄리티가 느껴졌어요,"맛있,네요,퀄리티,가,느껴,졌어요"
사과꽃향기,4.5,굿,굿,굿
꽁이냥이맘,5,친절해요,친절해요,"친절,해요"
도도,4,콥샐러드 굿,콥 샐러드 굿,"콥,샐러드,굿"
가우디,5,딸과의 데이트 딸이 맛있다며 흡족해하니 저 역시 좋습니다,딸과의 데이트 딸이 맛있다며 흡족해하니 저 역시 좋습니다,"딸,과,의,데이트,딸,이,맛있,다며,흡족,해,하,니,저,역시,좋,습니다"
뿌띠아이,3,맛있어요,맛있어요,"맛있,어요"
세은파파,5,공트럴파크 맛집 라라브레드 공릉점 다양하고 맛있는 빵과 브런치 메뉴가 가득해요,공트럴파크 맛집 라라 브레드 공릉점 다양하고 맛있는 빵과 브런치 메뉴가 가득해요,"공트,럴파크,맛집,라라,브레드,공릉,점,다양,하,고,맛있,는,빵,과,브런치,메뉴,가,가득,해요"
tra****,5,피자가 페스츄리라 바삭바삭 엄청 맛있어요 투움바도 매콤하고 맛있는데 소스가 좀 더 많으면 좋을거같아요 빵 종류도 많아서 넘나 행복,피자가 페이스트리라 바삭바삭 엄청 맛있어요 터움바도 매콤하고 맛있는데 소스가 좀 더 많으면 좋을 거 같아요 빵 종류도 많아서 넘나 행복,"피자,가,페이스트리,라,바삭바삭,엄청,맛있,어요,터움바,도,매콤,하,고,맛있,는데,소스,가,좀,더,많,으면,좋,을,거,같,아요,빵,종류,도,많,아서,넘,나,행복"
ㄱㅁ첸,5,존탱이야 정말 트러플 짱이야,존탱이야 정말 트러플 최고야,"존,탱,이,야,정말,트,러,플,최고,야"
gof****,5,트러플 오일 파스타 존맛탱,트러플 오일 파스타 존맛탱,"트,러,플,오일,파스타,존맛,탱"
마린,4,굿,굿,굿
프레시미,5,좋아요,좋아요,"좋,아요"
수피아희야,5,좋아요,좋아요,"좋,아요"
Bk,5,쫄깃식빵 맛있어요,쫄깃 식빵 맛있어요,"쫄깃,식빵,맛있,어요"
야광단무지,5,좋아요,좋아요,"좋,아요"
도도,4,퀸아망 존맛,퀸에 망 존 만,"퀸,에,망,존맛"
commonpeople,4.5,빵 맛있어요 ,빵 맛있어요 ,"빵,맛있,어요"
cyh780216,5,좋아용,좋아요,"좋,아요"
dlacw,4,맛있어요,맛있어요,"맛있,어요"
olive,4,굳,굿,굿
dud****,4,맛잇어요,맛있어요,"맛있,어요"
친친,2.5,비싸,비싸,비싸
돌콩,5,매장분위기 좋고 친절해요 빵도 빵이지만 라라브레드 브런치도 강추 차돌 올라간 샐러드파스타랑 매생이리조또 진짜 특별하고 맛있었어요 다른 메뉴도 다 먹어보고싶네요,매장 분위기 좋고 친절해요 빵도 빵이지만 라라 브레드 브런치도 강추 차돌 올라간 샐러드파스타랑 매생이 리소토 진짜 특별하고 맛있었어요 다른 메뉴도 다 먹어보고 싶네요,"매장,분위기,좋,고,친절,해요,빵,도,빵,이,지만,라라,브레드,브런치,도,강추,차돌,올라간,샐러드,파스타,랑,매생,이,리소토,진짜,특별,하,고,맛있,었,어요,다른,메뉴,도,다,먹,어,보,고,싶,네요"
kob****,3,디저트들이 양이 적고 비싸지만 맛있습니다 직원들 친절서비스 교육은 좀 필요해보입니다,디저트들이 양이 적고 비싸지만 맛있습니다 직원들 친절서비스 교육은 좀 필요해 보입니다,"디저트,들,이,양,이,적,고,비싸,지만,맛있,습니다,직원,들,친절,서비스,교육,은,좀,필요,해,보입니다"
모아나,4,연유버터프레첼 적당히 달고 맛있어요 앙버터는 더 달아요,연유 버터 프레첼 적당히 달고 맛있어요 앙버터는 더 달아요,"연유,버터,프레첼,적당히,달,고,맛있,어요,앙,버터,는,더,달,아요"
fly****,3.5,조금 비싸요,조금 비싸요,"조금,비싸,요"
zizoo,5,공릉동 최고맛집 새로나온 차돌파스타 진짜 맛있으니까 꼭 드세여 존맛탱탱,공릉동 최고 맛 집 새로 나온 차돌 파스타 진짜 맛있으니까 꼭 드세요 존 만 탱탱,"공릉동,최고,맛,집,새로,나온,차돌,파스타,진짜,맛있,으니까,꼭,드세요,존맛,탱탱"
dorothy,4,좋아요,좋아요,"좋,아요"
sus****,5,맛있고 양도 많아요,맛있고 양도 많아요,"맛있,고,양,도,많,아요"
vci****,4.5,맛도잇구고급스럽네요근데가격이쫌비싼듯,맛도 잇고 고급스럽네요 근데 가격이 좀 비싼 듯,"맛,도,잇,고,고급,스럽,네요,근데,가격,이,좀,비싼,듯"
키위,4,빵이 넘 맛나요,빵이 너무 맛나요,"빵,이,너무,맛나,요"
gra****,5,맛나용,맛나요,"맛나,요"
오난다,5,맛있어요,맛있어요,"맛있,어요"
Genie,5,브런치 최고최고,브런치 최고 최고,"브런치,최고,최고"
아펙시,5,맛있어요,맛있어요,"맛있,어요"
플루메리아,2.5,오늘 빵은 잘못 선택 지난번 가서 먹을때는 맛나게 먹었는데,오늘 빵은 잘못 선택 지난번 가서 먹을 때는 맛나게 먹었는데,"오늘,빵,은,잘못,선택,지난번,가,서,먹,을,때,는,맛나,게,먹,었,는데"
낭만시인,5,난리났네난리났어,난리 났네 난리 났어,"난리,났,네,난리,났,어"
gasgas73,5,자주 애용,자주 애용,"자주,애용"
리본프랜,5,늘 오는곳 맛있어요,늘 오는 곳 맛있어요,"늘,오,는,곳,맛있,어요"
smh****,5,좋아요,좋아요,"좋,아요"
upd****,5,분위기도 너무 좋고 음식들도 빵도 맛있었어요 덕분에 행복한 브런치 타임 즐기고 왔네요,분위기도 너무 좋고 음식들도 빵도 맛있었어요 덕분에 행복한 브런치 타임 즐기고 왔네요,"분위기,도,너무,좋,고,음식,들,도,빵,도,맛있,었,어요,덕분,에,행복,한,브런치,타임,즐기,고,왔,네요"
koa****,5,좋아요,좋아요,"좋,아요"
라나,4.5,빵맛있어요,빵맛있어요,"빵,맛있,어요"
파치파치,4.5,바질치즈치아바타 맛있어요,바질 치즈 치아바타 맛있어요,"바질,치즈,치,아바타,맛있,어요"
포푸,5,항상 빵만 사러왔는데 커피랑 식사메뉴도 너무 맛있네요 콥샐러드에 시저드레싱 강추합니다,항상 빵만 사러 왔는데 커피랑 식사 메뉴도 너무 맛있네요 콥 샐러드에 시저 드레싱 강추합니다,"항상,빵,만,사,러,왔,는데,커피,랑,식사,메뉴,도,너무,맛있,네요,콥,샐러드,에,시저,드레싱,강추,합니다"
ohu****,5,굿,굿,굿
ane****,4,맛있어요,맛있어요,"맛있,어요"
뿌웅,5,브런치들 다 맛있어요 대만족입니당 ,브런치들 다 맛있어요 대만족입니다,"브런치,들,다,맛있,어요,대,만족,입니다"
박지,5,진짜 빵은 말해뭐해지만 브런치 메뉴 중에 파스타 대박 맛나요,진짜 빵은 말해 뭐 해지만 브런치 메뉴 중에 파스타 대박 맛나요,"진짜,빵,은,말,해,뭐,해,지만,브런치,메뉴,중,에,파스타,대박,맛나,요"
cuf****,4,아들이랑 맛나게,아들이랑 맛나게,"아들,이랑,맛나,게"
주현,5,쵝오 예요,최고예요,"최고,예요"
hay****,4.5,좋아요,좋아요,"좋,아요"
디자인애니,4,자리가 없어 빵만 사감,자리가 없어 빵만 사감,"자리,가,없,어,빵,만,사감"
sfljsfd,5,빵 맛있어요,빵 맛있어요,"빵,맛있,어요"
5Joo,5,맛있어요 임당이라 야채가득한 메뉴들로 골랐는데 맛도있고 건강하게 잘 먹었어요,맛있어요 임당이라 야채 가득한 메뉴들로 골랐는데 맛도 있고 건강하게 잘 먹었어요,"맛있,어요,임당,이,라,야채,가득,한,메뉴,들,로,골랐,는데,맛,도,있,고,건강,하,게,잘,먹,었,어요"
김여사,5,퀸아망은 여기가최고,퀸 야망은 여기가 최고,"퀸,야망,은,여기,가,최고"
jun****,5,맛있어요,맛있어요,"맛있,어요"
준욱맘,4.5,몹시 더운 날씨를 뚫고 와서 먹길 잘했네요 11시전이라 다행히 사람 많지 않아 바로 픽했구요 ,몹시 더운 날씨를 뚫고 와서 먹길 잘했네요 11시 전이라 다행히 사람 많지 않아 바로 픽했구요,"몹시,더운,날씨,를,뚫,고,와서,먹,길,잘,했,네요,11,시,전이,라,다행히,사람,많,지,않,아,바로,픽,했,구요"
마성녀,5,단골맛집,단골 맛 집,"단골,맛,집"
사과꽃향기,4.5,굿,굿,굿
jes****,2,친절합니다,친절합니다,"친절,합니다"
han****,3,굿,굿,굿
벼리낭자,5,굿,굿,굿
GEH,5,토요일 10시반쯤 브런치먹으러 갔습니다 주차자리도 있었고 좋은 자리에 앉아 즐길 수 있었습니다 차돌 달래 파스타 맛있습니다,토요일 10시 반쯤 브런치 먹으러 갔습니다 주차 자리도 있었고 좋은 자리에 앉아 즐길 수 있었습니다 차돌 달래 파스타 맛있습니다,"토요일,10,시,반,쯤,브런치,먹,으러,갔,습니다,주차,자리,도,있,었,고,좋,은,자리,에,앉,아,즐길,수,있,었,습니다,차돌,달래,파스타,맛있,습니다"
하늘처럼,5,넘 맛있어요다음에 또 먹고싶네요,너무 맛있어 요다음에 또 먹고 싶네요,"너무,맛있,어,요,다음,에,또,먹,고,싶,네요"
카르페디엠,5,브런치 빵 카페,브런치 빵 카페,"브런치,빵,카페"
xsk****,4.5,좋아요,좋아요,"좋,아요"
다다다,5,빵이 맛있네요,빵이 맛있네요,"빵,이,맛있,네요"
sweet0616,5,여전히 맛있네요 ,여전히 맛있네요 ,"여전히,맛있,네요"
pro****,5,좋아요,좋아요,"좋,아요"
쿠키형,4,앙버터 담백하니 좋군 분위기 좋다,앙버터 담백하니 좋군 분위기 좋다,"앙,버터,담백,하,니,좋,군,분위기,좋,다"
밤송,4.5,맛있어용,맛있어요,"맛있,어요"
쩡은나라,5,짱짱맛나용,짱짱 맛나요,"짱짱,맛나,요"
냠,4.5,4층으로 넓고 쾌적해요,4층으로 넓고 쾌적해요,"4,층,으로,넓,고,쾌적,해요"
큰 거 안 바람,5,리조또 넘나 맛있 파니니도 맛있,리소토 넘나 만 있 파니니도 만 있,"리소토,넘나,만,있,파니니,도,만,있"
KJW,4.5,너무 좋아용,너무 좋아요,"너무,좋,아요"
봉봉쓰,3.5,맛있었어요 주문시 픽업은 2층이라고 말씀해주시면 좋았을것같아요 ,맛있었어요 주문 시 픽업은 2층이라고 말씀해주시면 좋았을 것 같아요,"맛있,었,어요,주문,시,픽업,은,2,층,이,라고,말씀,해,주,시,면,좋,았,을,것,같,아요"
봄날의곰,2,자주가는지점은 송파입니다 친정쪽이라 요새 자주 들렀는데요 마늘바게트 좋아하는데 양념이 너무 과해서 오븐에 돌렸는데도 빵이 질퍽해서 제대로 먹질 못했네요앙버터는 잘라 주신다도 했는데 다 이어진체로 주셔서 뜯어 먹느라 고생좀했네요 마감때쯤 여자 알바분 조금 친절히 응대해주시고 빵 좀 제대로 잘라주셨으면 합니다하하,자주 가는 지점은 송파입니다 친정 쪽이라 요새 자주 들렀는데요 마늘 바게트 좋아하는데 양념이 너무 과해서 오븐에 돌렸는데도 빵이 질퍽해서 제대로 먹질 못했네 요앙 버터는 잘라 주신다도 했는데 다 이어진 채로 주셔서 뜯어 먹느라 고생 좀 했네요 마감 때쯤 여자 알바분 조금 친절히 응대해주시고 빵 좀 제대로 잘라주셨으면 합니다 하하,"자주,가,는,지점,은,송파,입니다,친정,쪽,이,라,요새,자주,들렀,는데요,마늘,바게트,좋,아,하,는데,양념,이,너무,과,해서,오븐,에,돌렸,는데,도,빵,이,질퍽,해서,제대로,먹,질,못했,네,요앙,버터,는,잘라,주,신다,도,했,는데,다,이어진,채,로,주,셔서,뜯,어,먹,느라,고생,좀,했,네요,마감,때,쯤,여자,알,바,분,조금,친절히,응대,해,주,시,고,빵,좀,제대로,잘라,주,셨,으면,합니다,하하"
케잇티,5,브런치도 맛있고 빵도 맛있어요 빵은 맛있어서 몇번 더 가서 포장해왔네요 주차도 몇자리 가능하고 후기좋아서 방문했는데 만족스러웠어용,브런치도 맛있고 빵도 맛있어요 빵은 맛있어서 몇 번 더 가서 포장해왔네요 주차도 몇 자리 가능하고 후기 좋아서 방문했는데 만족스러웠어요,"브런치,도,맛있,고,빵,도,맛있,어요,빵,은,맛있,어서,몇,번,더,가,서,포장,해,왔,네요,주차,도,몇,자리,가능,하,고,후기,좋,아서,방문,했,는데,만족,스러웠,어요"
dalshu,5,맛나고 푸짐한 라라브래드 작년에 와보고 오랜만에 왔는데도 역시 맛나요 신선한 콥샐러드랑 파스타가 차돌 달래 아보카도 새우의 역습 다 맛있어서 엄마랑 즐겁게 데이트했어요,맛나고 푸짐한 라라 브래드 작년에 와보고 오랜만에 왔는데도 역시 맛나요 신선한 콥 샐러드랑 파스타가 차돌 달래 아보카도 새우의 역습 다 맛있어서 엄마랑 즐겁게 데이트했어요,"맛나,고,푸짐,한,라라,브래드,작년,에,와,보,고,오랜만,에,왔,는데,도,역시,맛나,요,신선,한,콥,샐러드,랑,파스타,가,차돌,달래,아보카도,새우,의,역습,다,맛있,어서,엄마,랑,즐겁,게,데이트,했어요"
min061486,5,먓있어요,먓있어요,"먓,있,어요"
단학,5,9,9,9
이정재,4.5,굿,굿,굿
mk5327,4,굿,굿,굿
ksm****,5,빵도 많고 근데음료양이 좀 적은듯,빵도 많고 근데 음료 양이 좀 적은 듯,"빵,도,많,고,근데,음료,양,이,좀,적,은,듯"
가짠이,4.5,브런치로 즐기고왔어요가격대가 쫌 있긴하지만 맛이 있어서 용서가되는 곳입니다,브런치로 즐기고 왔어요 가격대가 좀 있긴 하지만 맛이 있어서 용서가 되는 곳입니다,"브런치,로,즐기,고,왔,어요,가격대,가,좀,있,긴,하,지만,맛,이,있,어서,용서,가,되,는,곳,입니다"
또리,5,분위기도 좋고 친구가 진짜 맛잇다는 곳이라고 해서 이번에 같이 와봤는데 모든 메뉴 성공적  넘 많아서 피자는 포장해갔는데 포장도 깔끔하게 해 주시고 요 피자는 집에서 가족들 먹으라고 햇더니 맛있다고 하네요 개인적르로 오픈샌드위치 저거 진짜 최고  바질페스토가 넘 맛있더라구요 샌 드위치 넘 맛잇던것  또 가고싶네요 ,분위기도 좋고 친구가 진짜 맛있다는 곳이라고 해서 이번에 같이 와봤는데 모든 메뉴 성공적  너무 많아서 피자는 포장해갔는데 포장도 깔끔하게 해 주시고 요 피자는 집에서 가족들 먹으라고 했더니 맛있다고 하네요 개인적 르로 오픈샌드위치 저거 진짜 최고  바질 페스토가 너무 맛있더라고요 샌 스위치 너무 맛있던 것  또 가고 싶네요,"분위기,도,좋,고,친구,가,진짜,맛있,다는,곳,이,라고,해서,이번,에,같이,와,봤,는데,모든,메뉴,성공,적,너무,많,아서,피자,는,포장,해,갔,는데,포장,도,깔끔,하,게,해,주,시,고,요,피자,는,집,에서,가족,들,먹,으라고,했,더니,맛있,다고,하,네요,개인,적,르,로,오픈,샌드위치,저거,진짜,최고,바질,페스,토가,너무,맛있,더라고요,샌,스위치,너무,맛있,던,것,또,가,고,싶,네요"
왕이뿐이,3,브런치 맛있어요커피도 맛있고요,브런치 맛있어요 커피도 맛있고요,"브런치,맛있,어요,커피,도,맛있,고요"
isa****,5,자알 먹었습니당,자알 먹었습니다,"자알,먹,었,습니다"
thi****,5,맛있어요 다른 것도 먹어보고 싶어요 일찍가야 창가자리 앉을 수 있네요,맛있어요 다른 것도 먹어보고 싶어요 일찍 가야 창가 자리 앉을 수 있네요,"맛있,어요,다른,것,도,먹,어,보,고,싶,어요,일찍,가,야,창가,자리,앉,을,수,있,네요"
shd****,4,비싸진만 맛있어용,비싸진 만 맛있어요,"비싸,진,만,맛있,어요"
mninam,5,넘 맛있어요 근데 좁아서 좀 시끄러워요,너무 맛있어요 근데 좁아서 좀 시끄러워요,"너무,맛있,어요,근데,좁,아서,좀,시끄러워,요"
둘아들엄마,5,좋아요,좋아요,"좋,아요"
하이정민,5,공릉동에 이렇게 맛있는 브런치카페가 있어서 행복해요 양도 맛도 모두 넘 좋았습니당 아보카도새우의역습의 바질소스가 넘 맛있구 패스츄리 피자는 말해뭐해 진짜 넘 먹었어요,공릉동에 이렇게 맛있는 브런치 카페가 있어서 행복해요 양도 맛도 모두 너무 좋았습니다 아보카도 새우의 역습의 바질소스가 너무 맛있고 페이스트리 피자는 말해 뭐 해 진짜 너무 먹었어요,"공릉동,에,이렇게,맛있,는,브런치,카페,가,있,어서,행복,해요,양,도,맛,도,모두,너무,좋,았,습니다,아보카도,새우,의,역습,의,바질,소스,가,너무,맛있,고,페이스트리,피자,는,말,해,뭐,해,진짜,너무,먹,었,어요"
담쟁이,4.5,맛있어요,맛있어요,"맛있,어요"
sks6094,3.5,앙버터가 없어서,앙버터가 없어서,"앙,버터,가,없,어서"
오난다,5,맛있어요,맛있어요,"맛있,어요"
cuf****,5,앙버터 최고,앙버터 최고,"앙,버터,최고"
cuf****,4,아이스커피 대박,아이스커피 대박,"아이스커피,대박"
Strawberryholic,3.5,좋아요 맛있어요 식기류만 도자기랑 유리로 바뀌묜 좋곗어요,좋아요 맛있어요 식기류만 도자기랑 유리로 바뀌면 좋곗어요,"좋,아요,맛있,어요,식기,류,만,도자기,랑,유리,로,바뀌,면,좋,곗어요"
nmb****,4,파스타 짱짱맛 파니니는 진짜 별루 근데 테이블이 더러워서 관리가 잘 안되는 느낌,파스타 짱짱 맛 파니니는 진짜 별로 근데 테이블이 더러워서 관리가 잘 안되는 느낌,"파스타,짱짱,맛,파니니,는,진짜,별로,근데,테이블,이,더러워서,관리,가,잘,안,되,는,느낌"
myl****,4,맛나요,맛나요,"맛나,요"
샤담샤담,5,앙버터 치아바타 맛있어요,앙버터 치아바타 맛있어요,"앙,버터,치,아바타,맛있,어요"
eui****,4,빵맛굿이에요,빵 맛 굿이어요,"빵,맛,굿,이,어요"
ggo****,4.5,계절마다 한번씩 찾는데 갈때마다 새로운 메뉴들과 빵들이 나와서 좋네요 이번엔 매생이리조또와 치즈하몽리조또를 먹어봤는데 신기한 조합에 재미 있는 맛이었어요 매생이 리조또는 많이 안비리고 김부각에 구운 새우까지 조합이 괜찮아요,계절마다 한 번씩 찾는데 갈 때마다 새로운 메뉴들과 빵들이 나와서 좋네요 이번엔 매생이 리소토와 치즈 하몽 리소토를 먹어봤는데 신기한 조합에 재미있는 맛이었어요 매생이 리소토는 많이 안 비리고 김부각에 구운 새우까지 조합이 괜찮아요,"계절,마다,한,번,씩,찾,는데,갈,때,마다,새로운,메뉴,들,과,빵,들,이,나와서,좋,네요,이번,엔,매생,이,리소토,와,치즈,하몽,리소토,를,먹,어,봤,는데,신기,한,조합,에,재미있,는,맛,이,었,어요,매생,이,리소토,는,많이,안,비리,고,김부각,에,구운,새우,까지,조합,이,괜찮,아요"
hil****,3.5,계산대는 좀 넓혔으면하네요 계단올라가는곳이랑 동선이 겹쳐서 좁고 계산도 오래걸리고 깔끔사고 빵은 맛있어요 치아바타는 좀,계산대는 좀 넓혔으면 하네요 계단 올라가는 곳이랑 동선이 겹쳐서 좁고 계산도 오래 걸리고 깔끔 사고 빵은 맛있어요 치아바타는 좀,"계산대,는,좀,넓혔,으면,하,네요,계단,올라가,는,곳,이랑,동선,이,겹쳐서,좁,고,계산,도,오래,걸리,고,깔끔,사고,빵,은,맛있,어요,치,아바타,는,좀"
랑당맘,1.5,4층에 폴딩도어 밖 자리뿐이라 거기앉아있는데 하수구냄새가 심하게 올라와서 앉아서 먹는데 거북했어요,4층에 폴딩도어 밖 자리뿐이라 거기 앉아있는데 하수구 냄새가 심하게 올라와서 앉아서 먹는데 거북했어요,"4,층,에,폴,딩,도,어,밖,자리,뿐,이,라,거기,앉,아,있,는데,하수구,냄새,가,심하,게,올라와서,앉,아서,먹,는데,거북,했어요"
둘리,4,주말 점심때 오니까 자리가 거의 꽉찼어요 빵 물론이고 파스타와 피자도 맛있음,주말 점심때 오니까 자리가 거의 꽉 찼어요 빵 물론이고 파스타와 피자도 맛있음,"주말,점심때,오,니까,자리,가,거의,꽉,찼,어요,빵,물론,이,고,파스타,와,피자,도,맛있,음"
yoonji3,5,신메뉴가 계속 나와서 기대하면서 방문해요 브런치도 맛있고 빵은 이미 유명해서 올때마다 포장해 가곤해요 믿고 먹는 라라브레드,신메뉴가 계속 나와서 기대하면서 방문해요 브런치도 맛있고 빵은 이미 유명해서 올 때마다 포장해 가곤 해요 믿고 먹는 라라 브레드,"신,메뉴,가,계속,나와서,기대,하,면서,방문,해요,브런치,도,맛있,고,빵,은,이미,유명,해서,올,때,마다,포장,해,가,곤,해요,믿,고,먹,는,라라,브레드"
안뇽,5,굿,굿,굿
숨,4,빵 맛있어요 근데 4층이라서 힘들어영,빵 맛있어요 근데 4층이라서 힘들어요,"빵,맛있,어요,근데,4,층,이,라서,힘들,어요"
탁이,5,브런치도 맛있고 빵도 넘 맛있는곳 담에는 콥샐러드 사과드레싱으로 먹어볼것,브런치도 맛있고 빵도 너무 맛있는 곳 담에는 콥 샐러드 사과 드레싱으로 먹어볼 것,"브런치,도,맛있,고,빵,도,너무,맛있,는,곳,담,에,는,콥,샐러드,사과,드레싱,으로,먹,어,볼,것"
왕이뿐이,3.5,변함없는 맛 매장 분위기 좋아요음악도 좋구요,변함없는 맛 매장 분위기 좋아요 음악도 좋고요,"변함없,는,맛,매장,분위기,좋,아요,음악,도,좋,고요"
여행깔롱쟁이,4.5,파운드케익 맛있어요,파운드케이크 맛있어요,"파운드케이크,맛있,어요"
큰 거 안 바람,3.5,좋아요,좋아요,"좋,아요"
누리보듬,5,공릉점은 처음인데 여전히 치아바타는 맛있구요허니휘낭시에 내안에치즈도 굳굳 신메뉴 베이컨크림파스타랑 포테이토피자도 괜찮아요 매콤투움바파스타 품절 이라 못먹어봤는데 담엔 그것도 꼭 먹어보려구요,공릉점은 처음인데 여전히 치아바타는 맛있고요 허니 휘나 이 시에 내 안에 치즈도 굿굿 신메뉴 베이컨 크림 파스타랑 포테이토 피자도 괜찮아요 매콤 터움바 파스타 품절이라 못 먹어봤는데 담엔 그것도 꼭 먹어보려고요,"공릉,점,은,처음,인데,여전히,치,아바타,는,맛있,고요,허,니,휘,나,이,시,에,내,안,에,치즈,도,굿,굿,신,메뉴,베이컨,크림,파스타,랑,포테이토,피자,도,괜찮,아요,매콤,터움바,파스타,품절,이,라,못,먹,어,봤,는데,담,엔,그것,도,꼭,먹,어,보,려고요"
sun****,4.5,맛있어요,맛있어요,"맛있,어요"
루핑,4,빵 넘 맛있고 직원분들도 친절하신데 자리 잡기가 힘들어용,빵 너무 맛있고 직원분들도 친절하신데 자리 잡기가 힘들어요,"빵,너무,맛있,고,직원,분,들,도,친절,하,신데,자리,잡,기,가,힘들,어요"
VIVA Min,5,피자도 맛있어요 최겅,피자도 맛있어요 최강,"피자,도,맛있,어요,최강"
VIVA Min,5,공릉동에서 젤 맛있는 브런치집 ,공릉동에서 젤 맛있는 브런치 집,"공릉동,에서,젤,맛있,는,브런치,집"
bat****,5,파스타 맛있어요,파스타 맛있어요,"파스타,맛있,어요"
밍,5,주차공간이 더 넉넉했으면 좋겠어요 맛은 늘 최고,주차공간이 더 넉넉했으면 좋겠어요 맛은 늘 최고,"주차,공간,이,더,넉넉,했으면,좋,겠,어요,맛,은,늘,최고"
하늘,4,치즈하몽리조또가 맛있어요,치즈 하몽 리소토가 맛있어요,"치즈,하몽,리소토,가,맛있,어요"
여행할 권리,5,커피하고 빵 둘 다 맛있어요 매장 분위기도 근사해요 무료로 빵하고 잼을 시식해볼 수 있어서 좋아요 경애하는 베이커리 카페입니다 건물도 예뻐요 ,커피하고 빵 둘 다 맛있어요 매장 분위기도 근사해요 무료로 빵하고 잼을 시식해볼 수 있어서 좋아요 경애하는 베이커리 카페입니다 건물도 예뻐요 ,"커피,하고,빵,둘,다,맛있,어요,매장,분위기,도,근사,해요,무료,로,빵,하,고,잼,을,시식,해,볼,수,있,어서,좋,아요,경애,하,는,베이커리,카페,입니다,건물,도,예뻐요"
해리케인,5,굿,굿,굿
jun****,4.5,맛있네요,맛있네요,"맛있,네요"
티파니,5,버터 프레첼이랑 치아바타 바나나푸딩 먹었어요 늘 맛있게 잘 먹고 있습니다 바나나 푸딩은 바나나가 좀 더 늘리고 안에 과자같은건 쫌 줄였음 좋겠어요,버터 프레첼이랑 치아바타 바나나 푸딩 먹었어요 늘 맛있게 잘 먹고 있습니다 바나나 푸딩은 바나나가 좀 더 늘리고 안에 과자 같은 건 좀 줄였으면 좋겠어요,"버터,프레첼,이랑,치,아바타,바나나,푸딩,먹,었,어요,늘,맛있,게,잘,먹,고,있,습니다,바나나,푸딩,은,바나나,가,좀,더,늘리,고,안,에,과자,같,은,건,좀,줄였,으면,좋,겠,어요"
블랙콩,5,좋아요,좋아요,"좋,아요"
whiskey,4.5,파스타 피자 리조또 다 맛나게 먹었습니당 ,파스타 피자 리소토 다 맛나게 먹었습니다,"파스타,피자,리소토,다,맛나,게,먹,었,습니다"
데이비드,5,좋아요,좋아요,"좋,아요"
sonsu,5,갓구운 식빵 맛나요,갓 구운 식빵 맛나요,"갓,구운,식빵,맛나,요"
grace,4,좋아요,좋아요,"좋,아요"
데이비드,5,좋아여,좋아요,"좋,아요"
shine2,4,남자친구가 Sun Rise 맛있다고 했다,남자친구가 Sun Rise 맛있다고 했다,"남자,친구,가,Sun,Rise,맛있,다고,했,다"
갱갱,5,좋아요 맛나요,좋아요 맛나요,"좋,아요,맛나,요"
qlc****,4.5,좋아요,좋아요,"좋,아요"
뚜루뚜,4.5,좋아요,좋아요,"좋,아요"
구땡,4.5,조아요,좋아요,"좋,아요"
이유미,4.5,후기남겨요 근처 볼거리 먹거리 httpsmblognavercomnbrdyumi222306084967,후기 남겨요 근처 볼거리 먹거리 httpsmblognavercomnbrdyumi222306084967,"후기,남겨요,근처,볼거리,먹거리,h,ttpsmblognavercomnbrdyumi,222306084967"
동구,5,라라브래드는 사랑입니다,라라 브래드는 사랑입니다,"라라,브래드,는,사랑,입니다"
따뜻한도시여자,5,공릉에서 제일 좋아하는 빵집이자 브런치 집이에요 리조또랑 파스타 샐러드 다 맛있구 특히 버터 들어간 빵들 진짜 맛있네요,공릉에서 제일 좋아하는 빵집이자 브런치 집이에요 리소토랑 파스타 샐러드 다 맛있고 특히 버터 들어간 빵들 진짜 맛있네요,"공릉,에서,제일,좋,아,하,는,빵집,이,자,브런치,집,이,에요,리소토,랑,파스타,샐러드,다,맛있,고,특히,버터,들어간,빵,들,진짜,맛있,네요"
kjo****,5,굿,굿,굿
jane,4,맛있어요 근데 자리잡기 넘 힘들어요,맛있어요 근데 자리 잡기 너무 힘들어요,"맛있,어요,근데,자리,잡,기,너무,힘들,어요"
스르륵,2.5,콥샐러드 양이 적어요 아보카도 한4조각있나 서이가 더 많 나머지는 쏘쏘 양도 가격에 어느정도 비례했으면,콥 샐러드 양이 적어요 아보카도 한 4조각 있나 서이가 더 많 나머지는 쏘 쏘 양도 가격에 어느 정도 비례했으면,"콥,샐러드,양,이,적,어요,아보카도,한,4,조각,있,나,서이,가,더,많,나머지,는,쏘,쏘,양,도,가격,에,어느,정도,비례,했,으면"
rosejiyoung,3,라떼가 제대로 나오지 않아 얘기했더니 다시 만들어주며 아무런 말이 없었어요 근무하시는분 제가 잘못했나요,라테가 제대로 나오지 않아 얘기했더니 다시 만들어주며 아무런 말이 없었어요 근무하시는 분 제가 잘못했나요,"라테,가,제대로,나오,지,않,아,얘기,했,더니,다시,만들,어,주,며,아무런,말,이,없,었,어요,근무,하,시,는,분,제,가,잘못,했,나요"
아기돼지삼형제맘,5,맛잇어용,맛있어요,"맛있,어요"
jennifer,5,맛있어요,맛있어요,"맛있,어요"
mir****,5,좋아요,좋아요,"좋,아요"
qortmdrms1,4,맛잇어용,맛있어요,"맛있,어요"
감자,4,좋아요,좋아요,"좋,아요"
ej3****,4,너무너무조아요,너무너무 좋아요,"너무너무,좋,아요"
이안맘,3,맛있어요,맛있어요,"맛있,어요"
돌고래자리,5,좋아요,좋아요,"좋,아요"
2ba****,5,비오는 날 왔어요 친구가 추천 완전추천 한다네요,비 오는 날 왔어요 친구가 추천 완전히 추천한다네요,"비,오,는,날,왔,어요,친구,가,추천,완전히,추천,한다,네요"
justin,4,매장 이쁘고 빵도 맛있는데 사람이 좀 많긴 해요 커피와 빵 받는곳이 각각 다르네요 테이크아웃 하는 것이 좋을 것 같아요,매장 이쁘고 빵도 맛있는데 사람이 좀 많긴 해요 커피와 빵 받는 곳이 각각 다르네요 테이크아웃 하는 것이 좋을 것 같아요,"매장,이쁘,고,빵,도,맛있,는데,사람,이,좀,많,긴,해요,커피,와,빵,받,는,곳,이,각각,다르,네요,테이크아웃,하,는,것,이,좋,을,것,같,아요"
철이,5,좋아요,좋아요,"좋,아요"
hey****,5,갈때마다 만족하는 곳 빵도 먹고싶고 브런치도 즐기고싶을때 추천 ,갈 때마다 만족하는 곳 빵도 먹고 싶고 브런치도 즐기고 싶을 때 추천 ,"갈,때,마다,만족,하,는,곳,빵,도,먹,고,싶,고,브런치,도,즐기,고,싶,을,때,추천"
최강남자,5,아주 맛나요,아주 맛나요,"아주,맛나,요"
DY310,4.5,맛있어서 좋아요 대기줄이 좀 길긴 하네욤,맛있어서 좋아요 대기 줄어 좀 길긴 하네요,"맛있,어서,좋,아요,대,기,줄,어,좀,길,긴,하,네요"
가짠이,4.5,아따빵 맛나네요,아따 빵 맛나네요,"아따,빵,맛나,네요"
사랑이,4,좋아요,좋아요,"좋,아요"
kim****,5,불탉리조또 좋아요,불탉리조또 좋아요,"불,탉리조또,좋,아요"
koy****,5,굿굿,굿굿,"굿,굿"
mis****,5,좋아요,좋아요,"좋,아요"
mis****,5,파스타 맛 환상적입니다,파스타 맛 환상적입니다,"파스타,맛,환상,적,입니다"
mindthan,4.5,콥샐러드 양도 많고 푸짐해서 넘 맛있었어요,콥 샐러드 양도 많고 푸짐해서 너무 맛있었어요,"콥,샐러드,양,도,많,고,푸짐,해서,너무,맛있,었,어요"
금빛,5,시간 때울데가 필요해서 검색해서 온 곳인데 맛있고 넓고 좋네요 혼자라 샐러드 등 식사메뉴를 못먹어봐서 아쉽습니다,시간 때울 데가 필요해서 검색해서 온 곳인데 맛있고 넓고 좋네요 혼자라 샐러드 등 식사 메뉴를 못 먹어봐서 아쉽습니다,"시간,때울,데,가,필요,해서,검색,해서,온,곳,인데,맛있,고,넓,고,좋,네요,혼자,라,샐러드,등,식사,메뉴,를,못,먹,어,봐서,아쉽,습니다"
koa****,4.5,좋아요,좋아요,"좋,아요"
박경린,5,굳,굿,굿
oks****,4,쪼금 비싼듯한데 맛있어요,조금 비싼듯한데 맛있어요,"조금,비싼,듯,한,데,맛있,어요"
권인아,4,연유버터 프레첼맛있어요 가게가 4층으로 되게크네요 2층에서 음료나 식사받으심되요,연유 버터 프레첼 맛있어요 가게가 4층으로 되게 크네요 2층에서 음료나 식사 받으심 돼요,"연유,버터,프레첼,맛있,어요,가게,가,4,층,으로,되게,크,네요,2,층,에서,음료,나,식사,받으,심,돼요"
yuc****,5,진짜진짜 맛있었어요 특히 피자 페스튜리랑 피자를 만들다니  진짜 바삭바삭하고 치즈랑 잘어울리고  샐러드도 양도 많고 너무 맛있었습니당  다음엔 빵도 사봐야겠어요 사람 너무 많더라고요  진짜 인기 엄청이네요,진짜 진짜 맛있었어요 특히 피자 페스튜리랑 피자를 만들다니  진짜 바삭바삭하고 치즈랑 잘 어울리고  샐러드도 양도 많고 너무 맛있었습니다  다음엔 빵도 사봐야겠어요 사람 너무 많더라고요  진짜 인기 엄청이네요,"진짜,진짜,맛있,었,어요,특히,피자,페스,튜리,랑,피자,를,만들,다니,진짜,바삭바삭,하,고,치즈,랑,잘,어울리,고,샐러드,도,양,도,많,고,너무,맛있,었,습니다,다음,엔,빵,도,사,봐야겠어요,사람,너무,많,더라고요,진짜,인기,엄청,이,네요"
꼼지,5,자주가는 노원빵집 라라브레드 동생도 엄마도 이모도 할머니도 좋아하는 브런치 특히 아보카도 새우의 역습 맛있어요 노원맛집이라 일찍 방문하셔 야 더 많은 브런치 메뉴를 맛 볼 수 있어요 저는 이른 오후시간에 방문했는데도 솔드아웃  다음에 또 방문하려고요 빵도 기똥차게 맛나서 방문했 다하면 한아름 사가지고 와요 어느 분이 제가 빵을 바리바리 사서 가지고 가는거 보시더니 어디서 사오냐고 맛있냐고 막 물어보기도 했어요  ,자주 가는 노원 빵집 라라 브레드 동생도 엄마도 이모도 할머니도 좋아하는 브런치 특히 아보카도 새우의 역습 맛있어요 노원 맛 집이라 일찍 방문하셔 야 더 많은 브런치 메뉴를 맛볼 수 있어요 저는 이른 오후 시간에 방문했는데도 솔드아웃  다음에 또 방문하려고요 빵도 기똥차게 맛나서 방문했 다하면 한 아름 사가지고 와요 어느 분이 제가 빵을 바리바리 사서 가지고 가는 거 보시더니 어디서 사 오냐고 맛있냐고 막 물어보기도 했어요  ,"자주,가,는,노원,빵집,라라,브레드,동생,도,엄마,도,이모,도,할머니,도,좋,아,하,는,브런치,특히,아보카도,새우,의,역습,맛있,어요,노원,맛,집,이,라,일찍,방문,하,셔,야,더,많,은,브런치,메뉴,를,맛볼,수,있,어요,저,는,이른,오후,시간,에,방문,했,는데도,솔드,아웃,다음,에,또,방문,하,려고요,빵,도,기똥차,게,맛나,서,방문,했,다,하,면,한,아름,사,가지,고,와요,어느,분,이,제,가,빵,을,바리바리,사,서,가지,고,가,는,거,보,시,더니,어디,서,사,오,냐고,맛있,냐고,막,물,어,보,기,도,했,어요"
지나,4.5,잠실에서 간간히 갔는데 체인점이 집앞에 생겨서 넘 조아요,잠실에서 간간이 갔는데 체인점이 집 앞에 생겨서 너무 좋아요,"잠실,에서,간간이,갔,는데,체인점,이,집,앞,에,생겨서,너무,좋,아요"
사부작,5,브런치 먹으러도 자주가고 빵사러도 자주 갑니다,브런치 먹으러도 자주 가고 빵 사러도 자주 갑니다,"브런치,먹,으러,도,자주,가,고,빵,사,러,도,자주,갑니다"
티파니,5,바나나푸딩 있어서 좋았는데 갈때마다 없네요 오늘은 계절과일 푸딩으로 갖고 왔는데 뭔가 물이 주륵 흐르고 크림부분이 액상이었어요 맛은 괜찮 았지만 푸딩맛이 아닌 버터 프레첼이랑 올리브치아바타 맛있게 잘 먹었어요,바나나 푸딩 있어서 좋았는데 갈 때마다 없네요 오늘은 계절과일 푸딩으로 갖고 왔는데 뭔가 물이 주륵 흐르고 크림 부분이 액상이었어요 맛은 괜찮았지만 푸딩 맛이 아닌 버터 프레첼이랑 올리브 치아바타 맛있게 잘 먹었어요,"바나나,푸딩,있,어서,좋,았,는데,갈,때,마다,없,네요,오늘,은,계절,과일,푸딩,으로,갖,고,왔,는데,뭔가,물,이,주,륵,흐르,고,크림,부분,이,액상,이,었,어요,맛,은,괜찮,았,지만,푸딩,맛,이,아닌,버터,프레첼,이랑,올리브,치,아바타,맛있,게,잘,먹,었,어요"
hoo****,5,좋아요,좋아요,"좋,아요"
산수국,5,좋아요,좋아요,"좋,아요"
감자,4,공트럴파크 맛집,공트럴파크 맛집,"공트,럴파크,맛집"
후후씨,5,9,9,9
xanta99,5,좋아요,좋아요,"좋,아요"
수링,4,빵 맛있고 커피 특히 맛있네요,빵 맛있고 커피 특히 맛있네요,"빵,맛있,고,커피,특히,맛있,네요"
eda,4,빵냄새 좋아요 ,빵 냄새 좋아요 ,"빵,냄새,좋,아요"
매일을여행같이,5,빵도 파스타도 너무 맛있어요 분위기도 정말 좋네요 주말에 종종 브런치 먹으러 와야겠어요,빵도 파스타도 너무 맛있어요 분위기도 정말 좋네요 주말에 종종 브런치 먹으러 와야겠어요,"빵,도,파스타,도,너무,맛있,어요,분위기,도,정말,좋,네요,주말,에,종종,브런치,먹,으러,와야,겠,어요"
령빈,4.5,빵은 그냥저냥커피는 맛있어요,빵은 그냥저냥 커피는 맛있어요,"빵,은,그냥저냥,커피,는,맛있,어요"
me융,4,비싸고 맛있어요빵종류가 많았음좋겠네요,비싸고 맛있어요 빵 종류가 많았으면 좋겠네요,"비싸,고,맛있,어요,빵,종류,가,많,았,으면,좋,겠,네요"
비타민,2,별로,별로,별로
suirrrrr,5,괜찮아용,괜찮아요,"괜찮,아요"
댕댕,5,칼칼하고 맛있어요 평일인데도 사람이 많아요 ,칼칼하고 맛있어요 평일인데도 사람이 많아요 ,"칼칼,하,고,맛있,어요,평일,인데,도,사람,이,많,아요"
blueberry,5,맛있어요,맛있어요,"맛있,어요"
lmh1743,4,굿,굿,굿
꽁주,4.5,분위기좋고커피두맛있어요,분위기 좋고 커피도 맛있어요,"분위기,좋,고,커피,도,맛있,어요"
미소,4.5,너무 맛있어요,너무 맛있어요,"너무,맛있,어요"
lis****,4.5,팡도르 너무 맛있네요 ,팡도르 너무 맛있네요 ,"팡,도르,너무,맛있,네요"
Anna,5,빵도 맛있지만 브런치 메뉴도 진짜 맛있는 곳 피자와 파스타 전부 맛있게 먹고 왔어요 분위기도 좋고 직원분들도 친절합니다,빵도 맛있지만 브런치 메뉴도 진짜 맛있는 곳 피자와 파스타 전부 맛있게 먹고 왔어요 분위기도 좋고 직원분들도 친절합니다,"빵,도,맛있,지만,브런치,메뉴,도,진짜,맛있,는,곳,피자,와,파스타,전부,맛있,게,먹,고,왔,어요,분위기,도,좋,고,직원,분,들,도,친절,합니다"
클로이Joo,5,언제나 맛있는 공릉 라라브레드,언제나 맛있는 공릉 라라 브레드,"언제나,맛있,는,공릉,라라,브레드"
동근맘,4,친절하고 분위기 좋았는데 아직 다 경험해보지는 못했어요 그래서 별4개 입니다 푸딩은 건강한맛이네요,친절하고 분위기 좋았는데 아직 다 경험해보지는 못했어요 그래서 별 4개입니다 푸딩은 건강한 맛이네요,"친절,하,고,분위기,좋,았,는데,아직,다,경험,해,보,지,는,못했,어요,그래서,별,4,개,입니다,푸딩,은,건강,한,맛,이,네요"
모니언니,5,너무 좋아요 분위기 너무 좋고 음식도 너무 맛있어요 빵은 더할나위 없죠,너무 좋아요 분위기 너무 좋고 음식도 너무 맛있어요 빵은 더할 나위 없죠,"너무,좋,아요,분위기,너무,좋,고,음식,도,너무,맛있,어요,빵,은,더,할,나위,없,죠"
yis1215,4,굿,굿,굿
쭈뚜,5,분위기도 좋공 빵도 맛있어용,분위기도 좋고 빵도 맛있어요,"분위기,도,좋,고,빵,도,맛있,어요"
S2,4,굿,굿,굿
링링,3.5,굿,굿,굿
키키,5,맛난 빵집 넘 좋네요,맛난 빵집 너무 좋네요,"맛난,빵집,너무,좋,네요"
최한나,5,너무 좋어요,너무 좋어요,"너무,좋,어요"
gol****,4,맛있는데 비싸 ,맛있는데 비싸 ,"맛있,는,데,비싸"
우기,4,좋아요,좋아요,"좋,아요"
쮸탱이,4.5,좋아요,좋아요,"좋,아요"
smh****,5,최고예요,최고예요,"최고,예요"
Letaw,4.5,좋아요 빵이 없어지고 가격이 올랐나요,좋아요 빵이 없어지고 가격이 올랐나요,"좋,아요,빵,이,없,어,지,고,가격,이,올랐,나요"
담쟁이,4,맛있어요,맛있어요,"맛있,어요"
니뿜,4,주차하기 힘들어요,주차하기 힘들어요,"주차,하,기,힘들,어요"
뽀로롱,5,비싼데 맛남,비싼데 맛남,"비싼데,맛,남"
BONA,5,맛있었어요,맛있었어요,"맛있,었,어요"
70k****,5,여기가명당이네,여기가 명당이네,"여기,가,명당,이,네"
snolover,5,팥절미짱,팥 절미짱,"팥,절미,짱"
루시,5,공릉동 핫플답게 주말 브런치 너무 맛있게 먹고 왔어요  피자가 특히 너무 맛있었구 새로 나온 투움바 파스타랑 불닭 리조또도 매콤하고 맛있었어요 피자는 도우가 페스츄리라 바삭하고 위에 토핑도 듬뿍 올라가서 강추합니당,공릉동 핫플답게 주말 브런치 너무 맛있게 먹고 왔어요  피자가 특히 너무 맛있었고 새로 나온 터움바 파스타랑 불닭 리소토도 매콤하고 맛있었어요 피자는 도우가 페이스트리라 바삭하고 위에 토핑도 듬뿍 올라가서 강추합니다,"공릉동,핫,플,답,게,주말,브런치,너무,맛있,게,먹,고,왔,어요,피자,가,특히,너무,맛있,었,고,새로,나온,터움바,파스타,랑,불닭,리소토,도,매콤,하,고,맛있,었,어요,피자,는,도우,가,페이스트리,라,바삭,하,고,위,에,토핑,도,듬뿍,올라가,서,강추,합니다"
on,4,맛있는데 넘 짜요,맛있는데 너무 짜요,"맛있,는데,너무,짜,요"
rlq****,5,역쉬 믿고 먹는 라라브레드 11시에 딱 갔는데도 핫다 토요일에 기분좋게 브런치 했어요 빵도 너무너무 맛있고 커피까지 맛잇당 맛있는 빵 만들어주셔서 감사해윰,역시 믿고 먹는 라라 브레드 11시에 딱 갔는데도 하다 토요일에 기분 좋게 브런치 했어요 빵도 너무너무 맛있고 커피까지 맛있다 맛있는 빵 만들어주셔서 감사해 유머,"역시,믿,고,먹,는,라라,브레드,11,시,에,딱,갔,는데,도,하,다,토요일,에,기분,좋,게,브런치,했,어요,빵,도,너무너무,맛있,고,커피,까지,맛있,다,맛있,는,빵,만들,어,주,셔서,감사,해,유머"
주머니,5,맛잇어요 초코크로와상,맛있어요 초코 크루아상,"맛있,어요,초코,크루아상"
김아영,5,공릉 오면 꼭 방문하는 라라브레드 빵 종류도 다양하고 브런치 메뉴도 있어서 발길이 자주 향하게 되여  방문할 때 마다 항상 사람이 많아서 앉을 자리가 없을 정도오  잘 먹고 갑니다아 다음에도 또 올게요 ,공릉 오면 꼭 방문하는 라라 브레드 빵 종류도 다양하고 브런치 메뉴도 있어서 발길이 자주 향하게 돼요  방문할 때마다 항상 사람이 많아서 앉을 자리가 없을 정도 오  잘 먹고 갑니다 아 다음에도 또 올게요 ,"공릉,오,면,꼭,방문,하,는,라라,브레드,빵,종류,도,다양,하,고,브런치,메뉴,도,있,어서,발길,이,자주,향하,게,돼요,방문,할,때,마다,항상,사람,이,많,아서,앉,을,자리,가,없,을,정도,오,잘,먹,고,갑니다,아,다음,에,도,또,올게요"
핵호,5,식빵 정말 최애 너무 맛있어요,식빵 정말 최애 너무 맛있어요,"식빵,정말,최애,너무,맛있,어요"
맹공이,4,앙버터 맛나요,앙버터 맛나요,"앙,버터,맛나,요"
qhadufma,5,역시 유명해질 수 밖에 없는 맛과 비쥬얼 아보카도새우의 역습은 도톰한 식빵위에 여러 재료와 바질의 미친 조합 상큼하구 너무너무 맛있더라구 요  투움바 파스타도 새우가 많고 꾸덕하니 완전 맛있었어용 두가지 음식 모두 브런치로 완전 추천해요,역시 유명해질 수밖에 없는 맛과 비주얼 아보카도 새우의 역습은 도톰한 식빵 위에 여러 재료와 바질의 미친 조합 상큼하고 너무너무 맛있더라고 요  터움바 파스타도 새우가 많고 끄덕하니 정말 맛있었어요 두 가지 음식 모두 브런치로 정말 추천해요,"역시,유명,해질,수,밖에,없,는,맛,과,비주얼,아보카도,새우,의,역습,은,도톰,한,식빵,위,에,여러,재료,와,바질,의,미친,조합,상큼,하,고,너무너무,맛있,더라고,요,터움바,파스타,도,새우,가,많,고,끄덕,하,니,정말,맛있,었,어요,두,가지,음식,모두,브런치,로,정말,추천,해요"
김경혜,4.5,좋아요,좋아요,"좋,아요"
suna,4,맛있어요 ,맛있어요 ,"맛있,어요"
행복해지자,5,맛있고 친절해요,맛있고 친절해요,"맛있,고,친절,해요"
행복해지자,5,직원분 친절하게 설명 잘해주세요 앙버터랑 쫄깃식빵 완전 맛있네요,직원분 친절하게 설명 잘해주세요 앙버터랑 쫄깃 식빵 정말 맛있네요,"직원,분,친절,하,게,설명,잘,해,주,세요,앙,버터,랑,쫄깃,식빵,정말,맛있,네요"
찹쌀떡,5,공리단길 핫하다고 해서 방문했어요 브런치가 저렴한 편인데 양과 맛은 풍부해서 만족스러워요 딱 피크시간에 가면 자리가 없을정도로 인기가 많아서 브런치 조리시간은 다소 있수 있지만 다른 빵들도 맛있고 화장실도 깔끔해서 다시 방문하고싶어요 빵은 먹다가 남은건 셀프포장할수 있어서 실용적이에요,경리단길 핫하다고 해서 방문했어요 브런치가 저렴한 편인데 양과 맛은 풍부해서 만족스러워요 딱 피크시간에 가면 자리가 없을 정도로 인기가 많아서 브런치 조리시간은 다소 있수 있지만 다른 빵들도 맛있고 화장실도 깔끔해서 다시 방문하고 싶어요 빵은 먹다가 남은 건 셀프 포장할 수 있어서 실용적이에요,"경리,단,길,핫,하,다고,해서,방문,했,어요,브런치,가,저렴,한,편,인데,양,과,맛,은,풍부,해서,만족,스러워,요,딱,피크,시간,에,가,면,자리,가,없,을,정도,로,인기,가,많,아서,브런치,조리,시간,은,다소,있,수,있,지만,다른,빵,들,도,맛있,고,화장실,도,깔끔,해서,다시,방문,하,고,싶,어요,빵,은,먹,다가,남,은,건,셀프,포장,할,수,있,어서,실용,적,이,에요"
charm,3.5,음료종류가 적어요  커피못먹는데 티는 맛없어여,음료 종류가 적어요  커피 못 먹는데 티는 맛없어요,"음료,종류,가,적,어요,커피,못,먹,는데,티,는,맛없,어요"
hms****,3.5,좋아요,좋아요,"좋,아요"
뚜기,5,빵이 맛있고 직원분들이 친절해서 좋았어요 다만주말엔 매장에 사람이 많아서 되도록 평일에 가면 좋을거같아요,빵이 맛있고 직원분들이 친절해서 좋았어요 다만 주말엔 매장에 사람이 많아서 되도록 평일에 가면 좋을 거 같아요,"빵,이,맛있,고,직원,분,들,이,친절,해서,좋,았,어요,다만,주말,엔,매장,에,사람,이,많,아서,되,도록,평일,에,가,면,좋,을,거,같,아요"
ate****,5,여기 진짜 스콘맛집이에요,여기 진짜 스콘 맛 집이에요,"여기,진짜,스콘,맛,집,이,에요"
링링,3,굿,굿,굿
얄리얄리,5,남친과 즐거운 점심식사를 할수있었습니다 포장해온빵도 쫄깃하고 아침으로 맛있게 잘먹었어용  오픈때부터 갔던 집이였는데 11시반쯤 갔는데도 자 리가 없어서 겨우 잡았어요 장사가 옛날보다 더더 잘되는것같아서 괜시리 제기분이 더 좋았답니다  동네발전 또 먹으러 갈게요 ,남자친구와 즐거운 점심 식사를 할 수 있었습니다 포장해온 빵도 쫄깃하고 아침으로 맛있게 잘 먹었어요  오픈 때부터 갔던 집이었는데 11시 반쯤 갔는데도 자 리가 없어서 겨우 잡았어요 장사가 옛날보다 더더 잘 되는 것 같아서 괜스레 제 기분이 더 좋았답니다  동네 발전 또 먹으러 갈게요 ,"남자,친구,와,즐거운,점심,식사,를,할,수,있,었,습니다,포장,해,온,빵,도,쫄깃,하,고,아침,으로,맛있,게,잘,먹,었,어요,오픈,때,부터,갔,던,집,이,었,는데,11,시,반,쯤,갔,는데,도,자,리,가,없,어서,겨우,잡,았,어요,장사,가,옛날,보다,더,더,잘,되,는,것,같,아서,괜스레,제,기분,이,더,좋,았,답니다,동네,발전,또,먹,으러,갈게요"
R2 맘,4,맛있어요,맛있어요,"맛있,어요"
수국화,5,스콘 맛있어요,스콘 맛있어요,"스콘,맛있,어요"
sr,4.5,스콘이 제일 맛있어요,스콘이 제일 맛있어요,"스콘,이,제일,맛있,어요"
bum****,4.5,맛있어요,맛있어요,"맛있,어요"
키큰형,4.5,식빵사야될때 꼭 들리는곳이예요 다른곳보다 진짜 쫄깃하고 맛있어요 ,식빵 사야 될 때 꼭 들리는 곳이에요 다른 곳보다 진짜 쫄깃하고 맛있어요 ,"식빵,사,야,될,때,꼭,들리,는,곳,이,에요,다른,곳,보다,진짜,쫄깃,하,고,맛있,어요"
무민보,5,빵도 하나하나 다 맛있고 브런치 메뉴도 맛있어요 특히 트러플 오일 파스타도 드셔보세요 강추,빵도 하나하나 다 맛있고 브런치 메뉴도 맛있어요 특히 트러플 오일 파스타도 드셔보세요 강추,"빵,도,하나하나,다,맛있,고,브런치,메뉴,도,맛있,어요,특히,트,러,플,오일,파스타,도,드셔,보,세요,강추"
simtung2,4.5,여기 넘 맛나네요 오랜만에 브런치 먹으러 갔는데 커피까지 완벽했어요 다음에는 빵도 구매하러 오려구요,여기 너무 맛나네요 오랜만에 브런치 먹으러 갔는데 커피까지 완벽했어요 다음에는 빵도 구매하러 오려고요,"여기,너무,맛나,네요,오랜만,에,브런치,먹,으러,갔,는데,커피,까지,완벽,했,어요,다음,에,는,빵,도,구매,하,러,오,려고요"
뿌잉뿌잉,5,다맛있음,다 맛있음,"다,맛있,음"
zzzzz,5,분위기는 별로지만 빵은 존맛탱,분위기는 별로지만 빵은 존맛탱,"분위기,는,별로,지만,빵,은,존맛,탱"
LOVEYEH,5,공간도 넉넉하고 빵 식사 음료 모두 맛있습니다 튜브처럼 파는 잼도 여러가지 맛 있어서 선물용으로 좋아요,공간도 넉넉하고 빵 식사 음료 모두 맛있습니다 튜브처럼 파는 잼도 여러 가지 맛있어서 선물용으로 좋아요,"공간,도,넉넉,하,고,빵,식사,음료,모두,맛있,습니다,튜브,처럼,파,는,잼,도,여러,가지,맛있,어서,선물,용,으로,좋,아요"
Zhzhzhzh,5,좋어요,좋어요,"좋,어요"
부바,4,치아바타가 너무 맛있어요 매장 2층은 너무 협소하고 항상 사람이 바글바글해요 주문한 음식은 그래서 항상 늦고 기다림에 비해 맛은 있지만 양이 적어요 그래서 주로 빵만 포장해와서 먹어요,치아바타가 너무 맛있어요 매장 2층은 너무 협소하고 항상 사람이 바글바글해요 주문한 음식은 그래서 항상 늦고 기다림에 비해 맛은 있지만 양이 적어요 그래서 주로 빵만 포장해와서 먹어요,"치,아바타,가,너무,맛있,어요,매장,2,층,은,너무,협소,하,고,항상,사람,이,바글바글,해요,주문,한,음식,은,그래서,항상,늦,고,기다림,에,비해,맛,은,있,지만,양,이,적,어요,그래서,주로,빵,만,포장,해,와서,먹,어요"
따뜻한도시여자,5,빵이 신선해요 늦게 가면 인기있는건 하나남아있거나 다 팔려있음 빵들이 개성있고 소화가 잘되구 넘나 맛있음 브런치도 다양하고 건물 한채가 다 카페라서 분위기 있어서 좋네용,빵이 신선해요 늦게 가면 인기 있는 건 하나 남아있거나 다 팔려있음 빵들이 개성 있고 소화가 잘되고 넘나 맛있음 브런치도 다양하고 건물한 채가 다 카페라서 분위기 있어서 좋네요,"빵,이,신선,해요,늦,게,가,면,인기,있,는,건,하나,남,아,있,거나,다,팔려,있,음,빵,들,이,개성,있,고,소화,가,잘,되,고,넘,나,맛있,음,브런치,도,다양,하,고,건물,한,채,가,다,카페,라서,분위기,있,어서,좋,네요"
윤,4.5,굿,굿,굿
bet****,5,페스츄리피자 진짜 맛있어요,페이스트리 피자 진짜 맛있어요,"페이스트리,피자,진짜,맛있,어요"
13기 민호맘,5,맛있고 분위기도 좋아요,맛있고 분위기도 좋아요,"맛있,고,분위기,도,좋,아요"
우날,4.5,좋아요,좋아요,"좋,아요"
실비아,5,굿,굿,굿
JM,4,크림 파스타와 새우 파스타는 너무 맛있으나원래 가장 좋아하는 풍기 파스타는 품절 새우 베이컨 피자는 입에 안맞았어요 피자라기보다는 페스츄리 빵위에 새콤달콤한 소스가 뿌려진 샐러드에요 맛이 다 따로놀고 먹는 것도 불편 ,크림 파스타와 새우 파스타는 너무 맛있으나 원래 가장 좋아하는 풍기 파스타는 품절 새우 베이컨 피자는 입에 안 맞았어요 피자라기보다는 페이스트리 빵 위에 새콤달콤한 소스가 뿌려진 샐러드에요 맛이 다 따로 놀고먹는 것도 불편 ,"크림,파스타,와,새우,파스타,는,너무,맛있,으나,원래,가장,좋,아,하,는,풍기,파스타,는,품절,새우,베이컨,피자,는,입,에,안,맞,았,어요,피,자라,기,보다,는,페이스트리,빵,위,에,새콤달콤,한,소스,가,뿌려진,샐러드,에,요,맛,이,다,따로,놀,고,먹,는,것,도,불편"
starry,5,라라브레드 브런치는 뭘 시키든 대부분 맛있는 것 같아요 양도 풍성하게 나오고 주말에 가실 경우에 자리가 부족할 수 있으니 참고하세요,라라 브레드 브런치는 뭘 시키든 대부분 맛있는 것 같아요 양도 풍성하게 나오고 주말에 가실 경우에 자리가 부족할 수 있으니 참고하세요,"라라,브레드,브런치,는,뭘,시키,든,대부분,맛있,는,것,같,아요,양,도,풍성,하,게,나오,고,주말,에,가실,경우,에,자리,가,부족,할,수,있,으니,참고,하,세요"
동구,5,식빵이랑 치아바타 존맛이에용,식빵이랑 치아바타 존 만이에 용,"식빵,이랑,치,아바타,존맛이,에,용"
Sheep67,5,좋네요,좋네요,"좋,네요"
hsj****,5,굿,굿,굿
규태77,0.5,흑임자 라떼 Hot 시켰는데 유리잔에 주는 센스,흑임자 라테 Hot 시켰는데 유리잔에 주는 센스,"흑임자,라테,Hot,시켰,는데,유리잔,에,주,는,센스"
그레,5,친절하시고 빵도 맛있어요 항상 사람 많아요,친절하시고 빵도 맛있어요 항상 사람 많아요,"친절,하,시,고,빵,도,맛있,어요,항상,사람,많,아요"
swe****,5,맛있어요,맛있어요,"맛있,어요"
파릇파릇한,4,빵 맛있어요,빵 맛있어요,"빵,맛있,어요"
에일리2,5,빵이 맛있어서 또 왔는데 콥샐러드도 맛있어요 브런치먹기 분위기도 좋고 맛있어서 좋네요 또올게요,빵이 맛있어서 또 왔는데 콥 샐러드도 맛있어요 브런치 먹기 분위기도 좋고 맛있어서 좋네요 또 올게요,"빵,이,맛있,어서,또,왔,는데,콥,샐러드,도,맛있,어요,브런치,먹,기,분위기,도,좋,고,맛있,어서,좋,네요,또,올게요"
애지중지,4,빵 종류가 많은건 아니지만 확실히 맛은 있습니다다만 빵 크기에 비해 가격이 비싸서 아쉬워요,빵 종류가 많은 건 아니지만 확실히 맛은 있습니다 다만 빵 크기에 비해 가격이 비싸서 아쉬워요,"빵,종류,가,많,은,건,아니,지만,확실히,맛,은,있,습니다,다만,빵,크기,에,비해,가격,이,비싸,서,아쉬워,요"
로미,5,둘이서 빵 엄청 먹었네요 하나도 빠짐없이 빵커피 다 맛있어요,둘이서 빵 엄청 먹었네요 하나도 빠짐없이 빵커피 다 맛있어요,"둘,이,서,빵,엄청,먹,었,네요,하나,도,빠짐없이,빵,커피,다,맛있,어요"
동구,5,맛있어요,맛있어요,"맛있,어요"
kam****,5,굿,굿,굿
lasveronika,5,빵이 맛있어요,빵이 맛있어요,"빵,이,맛있,어요"
킹슈,4,늘 가는곳,늘 가는 곳,"늘,가,는,곳"
jun****,5,고구마빵최고,고구마빵 최고,"고구마,빵,최고"
정미례,5,브런치 먹으러 항상 방문하는데 역시 맛잇어여  빵도 말하면 입아프거 빨리 다들 방문해 보세요 ,브런치 먹으러 항상 방문하는데 역시 맛있어요  빵도 말하면 입 아플 거 빨리 다들 방문해 보세요 ,"브런치,먹,으러,항상,방문,하,는데,역시,맛있,어요,빵,도,말,하,면,입,아플,거,빨리,다,들,방문,해,보,세요"
masikko,4.5,빵이 달지 않네요 커피도 진하구요,빵이 달지 않네요 커피도 진하고요,"빵,이,달,지,않,네요,커피,도,진하,고요"
문규보민맘,4,좋아요,좋아요,"좋,아요"
동구,5,식빵 최고예요 시간이 지나도 촉촉 쫄깃해요,식빵 최고예요 시간이 지나도 촉촉 쫄깃해요,"식빵,최고,예요,시간,이,지나,도,촉촉,쫄깃,해요"
헷세,5,맛있게 잘 먹었네요,맛있게 잘 먹었네요,"맛있,게,잘,먹,었,네요"
ipa****,5,맛있어요,맛있어요,"맛있,어요"
헤리,5,와 정말 맛있어요,와 정말 맛있어요,"와,정말,맛있,어요"
wlq****,2.5,맛은있는데 위생이 영 건물로 되있는데 실내 인테리어는 별로 깔끔한 느낌이 아님 파스타에서 머리카락 나와서 다시해줬는데 양이 더 적어졌네요 처음 나왔을때보다 다시해줬을때 양 엄청 적게줌 코로나 시대에 명부 작성 안함,맛은 있는데 위생이 영 건물로 돼있는데 실내 인테리어는 별로 깔끔한 느낌이 아님 파스타에서 머리카락 나와서 다시 해줬는데 양이 더 적어졌네요 처음 나왔을 때보다 다시 해줬을 때 양 엄청 적게 줌 코로나 시대에 명부 작성 안 함,"맛,은,있,는데,위생,이,영,건물,로,돼,있,는데,실내,인테리어,는,별로,깔끔,한,느낌,이,아님,파스타,에서,머리카락,나와서,다시,해,줬,는데,양,이,더,적어졌,네요,처음,나왔,을,때,보다,다시,해,줬,을,때,양,엄청,적,게,줌,코로나,시대,에,명부,작성,안,함"
som,4,빵 크림파스타 짱맛,빵 크림 파스타 짱맛,"빵,크림,파스타,짱,맛"
까까옹,5,좋아요 근데 사람이 많아요,좋아요 근데 사람이 많아요,"좋,아요,근데,사람,이,많,아요"
cyo****,5,좋아요,좋아요,"좋,아요"
만나는날,5,맛있어요,맛있어요,"맛있,어요"
만나는날,5,맛있어요,맛있어요,"맛있,어요"
한굘,4.5,라라라,라라라,"라라,라"
우레,5,빵이 몇몇개는 좀 비싼 느낌이라 어디 얼마나 맛있나 좀 보자 했는데 진짜 맛있네요 제가 좋아하는 직관적인 맛입니다 아주 괜찮네요 직원분도 친절하시고 포장 꼼꼼히 해주십니다 다만 카운터가 한 개 사람도 한 사람이라 사람 몰리면 계산이 느리다는 점,빵이 몇몇 개는 좀 비싼 느낌이라 어디 얼마나 맛있나 좀 보자 했는데 진짜 맛있네요 제가 좋아하는 직관적인 맛입니다 아주 괜찮네요 직원분도 친절하시고 포장 꼼꼼히 해주십니다 다만 카운터가 한 개 사람도 한 사람이라 사람 몰리면 계산이 느리다는 점,"빵,이,몇몇,개,는,좀,비싼,느낌,이,라,어디,얼마나,맛있,나,좀,보,자,했,는데,진짜,맛있,네요,제,가,좋,아,하,는,직관,적,인,맛,입니다,아주,괜찮,네요,직원,분,도,친절,하,시,고,포장,꼼꼼히,해,주,십니다,다만,카운터,가,한,개,사람,도,한,사람,이,라,사람,몰리,면,계산,이,느리,다는,점"
koguryo700,5,또라라,또 라라,"또,라라"
흑처리,5,빵도맛있고 조용한분위기라좋음,빵도 맛있고 조용한 분위기라 좋음,"빵,도,맛있,고,조용,한,분위기,라,좋,음"
halohalo,4,빵 맛있어요,빵 맛있어요,"빵,맛있,어요"
spi****,5,커피도 맛있고 빵 스파게티 다 맛있어요,커피도 맛있고 빵 스파게티 다 맛있어요,"커피,도,맛있,고,빵,스파게티,다,맛있,어요"
구루미,5,팡도르가 너무 맛있어요,팡도르가 너무 맛있어요,"팡,도르,가,너무,맛있,어요"
als****,5,굳,굿,굿
은성맘,5,빵도 커피도 맛 좋고 분위기도 좋아요 브런치는 아직 못먹어봤네요 빵이 너무 금방 팔려서 아쉽,빵도 커피도 맛 좋고 분위기도 좋아요 브런치는 아직 못 먹어봤네요 빵이 너무 금방 팔려서 아쉽,"빵,도,커피,도,맛,좋,고,분위기,도,좋,아요,브런치,는,아직,못,먹,어,봤,네요,빵,이,너무,금방,팔려서,아쉽"
hznp,5,항상 맛있어용 ,항상 맛있어요,"항상,맛있,어요"
김쉐프,5,빵 포장하고 왔어요  최애 모찌초코는 라라브레드가 갑 인거같네요  찰떡소보루도 쫀득해서 맛있고 다음엔 다른빵 도전해볼게요,빵 포장하고 왔어요  최애 모치 초코는 라라 브레드가 갑인 거 같네요  찰떡 곰보빵도 쫀득해서 맛있고 다음엔 다른 빵 도전해볼게요,"빵,포장,하,고,왔,어요,최애,모치,초코,는,라라,브레드,가,갑,인,거,같,네요,찰떡,곰보빵,도,쫀득,해서,맛있,고,다음,엔,다른,빵,도전,해,볼게요"
짱,5,맛있어요,맛있어요,"맛있,어요"
초초,4,가게예쁨 빵 굿,가게 예쁨 빵 굿,"가게,예쁨,빵,굿"
BY8735,5,맛있어요,맛있어요,"맛있,어요"
BY8735,5,맛있어요,맛있어요,"맛있,어요"
지니,4,빵이 다 맛있어요,빵이 다 맛있어요,"빵,이,다,맛있,어요"
킹슈,3,마늘바게트맣있음,마늘바게트맣있음,"마늘,바게트,맣,있,음"
하늘,5,맛있어요,맛있어요,"맛있,어요"
Ssu,5,계산해 주시는 분도 친절하시고 빵도 맛있어요,계산해 주시는 분도 친절하시고 빵도 맛있어요,"계산,해,주,시,는,분,도,친절,하,시,고,빵,도,맛있,어요"
jk,5,빵 너무 맛있어요,빵 너무 맛있어요,"빵,너무,맛있,어요"
Hello chu,3,건물 내부가 좁고 음식 픽업할때 계단 내려가야하는 번거로움 맛은 그냥 그랬어요,건물 내부가 좁고 음식 픽업할 때 계단 내려가야 하는 번거로움 맛은 그냥 그랬어요,"건물,내부,가,좁,고,음식,픽업,할,때,계단,내려가,야,하,는,번거,로움,맛,은,그냥,그랬,어요"
한굘,5,브레드 계의 라라랜드,브레드 계의 라라랜드,"브레드,계,의,라라,랜드"
라온하제,4,코로나때문에 메뉴도 글코 여러가지로 불편하네요물러가라 코로나,코로나 때문에 메뉴도 그렇고 여러 가지로 불편하네요 물러가라 코로나,"코로나,때문,에,메뉴,도,그렇,고,여러,가지,로,불편,하,네요,물러가,라,코로나"
Ssu,5,직원분들 항상 친절하시고 빵도 맛있어요,직원분들 항상 친절하시고 빵도 맛있어요,"직원,분,들,항상,친절,하,시,고,빵,도,맛있,어요"
hsj****,5,맛있어요,맛있어요,"맛있,어요"
챠파파,5,음식이 너무 맛있고 사진 찍을 때도 너무 예뻐요,음식이 너무 맛있고 사진 찍을 때도 너무 예뻐요,"음식,이,너무,맛있,고,사진,찍,을,때,도,너무,예뻐요"
포럽,4,맛있어요,맛있어요,"맛있,어요"
범이모친,4,맛있어요,맛있어요,"맛있,어요"
꼬기오들,4,언제나 맛있는 라라브레드,언제나 맛있는 라라 브레드,"언제나,맛있,는,라라,브레드"
hjyoond,4,가격이 좀 비싸지만 맛있어요,가격이 좀 비싸지만 맛있어요,"가격,이,좀,비싸,지만,맛있,어요"
ymh****,4,공릉동 근처에서 브런치 이 정도의 맛을 찾기가 어려워 방문은 하는데 영하 11도인 날씨인데 히터가 안나와 손님들이 자켓을 입고 있어서 요청을 하니 틀어주네요 직원들과 식사하는곳이 떨어져 있다보니 덜 신경쓰는것 같아요 이것만 신경쓰신다면 맛은 아주 좋은곳이에요,공릉동 근처에서 브런치 이 정도의 맛을 찾기가 어려워 방문은 하는데 영하 11도인 날씨인데 히터가 안 나와 손님들이 재킷을 입고 있어서 요청을 하니 틀어주네요 직원들과 식사하는 곳이 떨어져 있다 보니 덜 신경 쓰는 것 같아요 이것만 신경 쓰신다면 맛은 아주 좋은 곳이에요,"공릉동,근처,에서,브런치,이,정도,의,맛,을,찾,기,가,어려워,방문,은,하,는데,영하,11,도,인,날씨,인데,히터,가,안,나와,손님,들,이,재킷,을,입,고,있,어서,요청,을,하,니,틀,어,주,네요,직원,들,과,식사,하,는,곳,이,떨어져,있,다,보,니,덜,신경,쓰,는,것,같,아요,이것,만,신경,쓰,신다면,맛,은,아주,좋,은,곳,이,에요"
EH,4,매장 규모는 큰데 생각보다 빵이 다양하지 않아서 아쉬웠습니다,매장 규모는 큰데 생각보다 빵이 다양하지 않아서 아쉬웠습니다,"매장,규모,는,큰,데,생각,보다,빵,이,다양,하,지,않,아서,아쉬웠,습니다"
thd****,5,빵을 사고 싶어도 강아지 때문에 못들어 가고 있었는데 직원분이 밖으로 나오셔서 친절하게 어떤 빵을 원하는 지 물어봐 주시고 결제까지 해주셔서 빵을 살 수 있었어요 너무 감동이었습니다 빵도 너무 맛있어요친절하고 맛있는 빵집 라라브레드 앞으로 자주 가게 될 것 같아요,빵을 사고 싶어도 강아지 때문에 못 들어 가고 있었는데 직원분이 밖으로 나오셔서 친절하게 어떤 빵을 원하는지 물어봐 주시고 결제까지 해주셔서 빵을 살 수 있었어요 너무 감동이었습니다 빵도 너무 맛있어요 친절하고 맛있는 빵집 라라 브레드 앞으로 자주 가게 될 것 같아요,"빵,을,사,고,싶,어도,강아지,때문,에,못,들,어,가,고,있,었,는데,직원,분,이,밖,으로,나오,셔서,친절,하,게,어떤,빵,을,원하,는지,물어봐,주,시,고,결제,까지,해,주,셔서,빵,을,살,수,있,었,어요,너무,감동,이,었,습니다,빵,도,너무,맛있,어요,친절,하,고,맛있,는,빵집,라라,브레드,앞,으로,자주,가,게,될,것,같,아요"
솔이,4,맛있어요,맛있어요,"맛있,어요"
shy****,5,맛있었어요,맛있었어요,"맛있,었,어요"
윤젼,5,좋아요,좋아요,"좋,아요"
tnwls422,4,좋아요 브런치굿,좋아요 브런치 굿,"좋,아요,브런치,굿"
Letaw,4.5,맛있어요 시금치파스타가베스트 페스츄리피자는 별로였어요 느끼,맛있어요 시금치 파스타가 베스트 페이스트리 피자는 별로였어요 느끼,"맛있,어요,시금치,파스타,가,베스트,페이스트리,피자,는,별로,였,어요,느끼"
꽃길만 걷자,5,강력추천합니다,강력 추천합니다,"강력,추천,합니다"
아임누구,4.5,맛있는 빵 많아요,맛있는 빵 많아요,"맛있,는,빵,많,아요"
진,4.5,맛있어용,맛있어요,"맛있,어요"
dan****,5,빵 정말 맛있어요 잼도 맛있어서 매번 구매해서 먹는데 정말 만족합니다,빵 정말 맛있어요 잼도 맛있어서 매번 구매해서 먹는데 정말 만족합니다,"빵,정말,맛있,어요,잼,도,맛있,어서,매번,구매,해서,먹,는데,정말,만족,합니다"
자영,4,좋아요,좋아요,"좋,아요"
atchoke,5,맛 좋음 ,맛 좋음 ,"맛,좋,음"
goo****,4,쫄깃하고 달콤하고 맛있어요,쫄깃하고 달콤하고 맛있어요,"쫄깃,하,고,달콤,하,고,맛있,어요"
마음부자,5,좋아용,좋아요,"좋,아요"
gol****,4,빵이 살짝 달아서 덜 달면 더 맛있겠어요,빵이 살짝 달아서 덜 달면 더 맛있겠어요,"빵,이,살짝,달,아서,덜,달,면,더,맛있,겠,어요"
gum****,4,굿,굿,굿
건물주,4,맛 보장집,맛 보장 집,"맛,보장,집"
보브,5,맛있어요  직원분들도 친절,맛있어요  직원분들도 친절,"맛있,어요,직원,분,들,도,친절"
han****,5,식빵 너무 맛있어요  sun rise는 식사대용으로 먹기에 좋네요  속까지 가득가득 내용물이 차 있어 맛있게 잘 먹었네요 ,식빵 너무 맛있어요  sun rise는 식사 대용으로 먹기에 좋네요  속까지 가득가득 내용물이 차 있어 맛있게 잘 먹었네요 ,"식빵,너무,맛있,어요,sun,rise,는,식사,대용,으로,먹,기,에,좋,네요,속,까지,가득,가득,내용물,이,차,있,어,맛있,게,잘,먹,었,네요"
블루문,5,좋아요,좋아요,"좋,아요"
짱지니,5,라라브레드 종류가 좀 줄었지만 내 최애 빵 고구마는 있어서 젛아요,라라 브레드 종류가 좀 줄었지만 내 최애 빵 고구마는 있어서 좋아요,"라라,브레드,종류,가,좀,줄,었,지만,내,최애,빵,고구마,는,있,어서,좋,아요"
세가지소원다이뤄진다,5,너무 맛있어요,너무 맛있어요,"너무,맛있,어요"
좋아질꺼야,5,좋아요,좋아요,"좋,아요"
차근,5,빵도 맛있고 아점하기 좋은 브런치 메뉴도있어서 좋아요 매장 인테리어도 분위기 있어서 혼밥할때에도 초라한 감 노노 괜히우아해짐요 ,빵도 맛있고 아점 하기 좋은 브런치 메뉴도 있어서 좋아요 매장 인테리어도 분위기 있어서 온 밥할 때에도 초라한 감 노노 괜히 우아해짐요,"빵,도,맛있,고,아점,하,기,좋,은,브런치,메뉴,도,있,어서,좋,아요,매장,인테리어,도,분위기,있,어서,온,밥,할,때,에,도,초라,한,감,노노,괜히,우아,해짐,요"
아임누구,5,맛있고 예쁜 빵이 많아요,맛있고 예쁜 빵이 많아요,"맛있,고,예쁜,빵,이,많,아요"
우주,5,맛있어요,맛있어요,"맛있,어요"
서디,4.5,빵도 맛있고 브런치도 맛있고 다 맛있는데 아메리카노가 진짜 맛있어요 다만 테이블이 많지 않고 음식 픽업이 셀프라 힘들어요,빵도 맛있고 브런치도 맛있고 다 맛있는데 아메리카노가 진짜 맛있어요 다만 테이블이 많지 않고 음식 픽업이 셀프라 힘들어요,"빵,도,맛있,고,브런치,도,맛있,고,다,맛있,는데,아메리카노,가,진짜,맛있,어요,다만,테이블,이,많,지,않,고,음식,픽업,이,셀,프라,힘들,어요"
내민석이,4,빵 맛있네요 마늘브레드 넘 맛나용,빵 맛있네요 마늘 브레드 너무 맛나요,"빵,맛있,네요,마늘,브레드,너무,맛나,요"
jol****,5,파스타 좀 비싸긴한데 가게 분위기도 좋고 맛있습니다 다만 주문을 1층에서 해야하구 식당은 3층 4층에서 먹어야하는게 귀찮지만 좋아요,파스타 좀 비싸긴 한데 가게 분위기도 좋고 맛있습니다 다만 주문을 1층에서 해야 하고 식당은 3층 4층에서 먹어야 하는 게 귀찮지만 좋아요,"파스타,좀,비싸,긴,한데,가,게,분위기,도,좋,고,맛있,습니다,다만,주문,을,1,층,에서,해야,하,고,식당,은,3,층,4,층,에서,먹,어야,하,는,게,귀찮,지만,좋,아요"
우주,4,빵 맛있어요,빵 맛있어요,"빵,맛있,어요"
유혜주,4.5,괜찮에요,괜찮아요,"괜찮,아요"
어송이,5,점심 브런치로 피자랑 파스타 먹으러 왔는데 넘 맛있네요 빵집인줄 알았는데 파스타도 맛집이네욥 다른 메뉴도 먹으로 올게욥,점심 브런치로 피자랑 파스타 먹으러 왔는데 너무 맛있네요 빵집인 줄 알았는데 파스타도 맛 집이네욥 다른 메뉴도 먹으로 올게욥,"점심,브런치,로,피자,랑,파스타,먹,으러,왔,는데,너무,맛있,네요,빵집,인,줄,알,았,는데,파스타,도,맛,집,이,네,욥,다른,메뉴,도,먹,으로,올게,욥"
한굘,5,안 사면 큰일라라,안 사면 큰일 라라,"안,사,면,큰일,라라"
행복,4,빵 맛있고 좋아요,빵 맛있고 좋아요,"빵,맛있,고,좋,아요"
J의 일상,4.5,좋아요,좋아요,"좋,아요"
사부작,5,아빠 드릴 빵 샀어요 정말 맛있다고 하셨어요 브런치도 맛있고 빵도 맛있고 노원데이트로 이만한 장소 없어요 굿,아빠 드릴 빵 샀어요 정말 맛있다고 하셨어요 브런치도 맛있고 빵도 맛있고 노원 데이트로 이만한 장소 없어요 굿,"아빠,드릴,빵,샀,어요,정말,맛있,다고,하,셨,어요,브런치,도,맛있,고,빵,도,맛있,고,노원,데이트,로,이만,한,장소,없,어요,굿"
꼼지,5,라라브레드 가성비도 너무 좋고 맛도 좋고 분위기도 좋고 오늘 데이트했어요 너무 즐거운 하루였어요,라라 브레드 구성비도 너무 좋고 맛도 좋고 분위기도 좋고 오늘 데이트했어요 너무 즐거운 하루였어요,"라라,브레드,구성비,도,너무,좋,고,맛,도,좋,고,분위기,도,좋,고,오늘,데이트,했,어요,너무,즐거운,하루,였,어요"
ver****,4,자주 이용해요 빵들 개별 포장이 안되있어서 한동안 안가다 요즘은 다들 마스크 쓰니까 그나마 낫겠지 하고 가요 너무 맛난 빵들 많은데 제발 개별 포장 해주시면 안될까요,자주 이용해요 빵들 개별 포장이 안 돼있어서 한동안 안가다 요즘은 다들 마스크 쓰니까 그나마 낫겠지 하고 가요 너무 맛난 빵들 많은데 제발 개별 포장해주시면 안 될까요,"자주,이용,해요,빵,들,개별,포장,이,안,돼,있,어서,한동안,안,가,다,요즘,은,다,들,마스크,쓰,니까,그나마,낫,겠,지,하,고,가요,너무,맛난,빵,들,많,은데,제발,개별,포장,해,주,시,면,안,될까요"
소녀,5,빵들이 하나같이 다 맛있네요 ,빵들이 하나같이 다 맛있네요 ,"빵,들,이,하나,같이,다,맛있,네요"
yoo****,4,좋아요,좋아요,"좋,아요"
빡,5,브런치 맛집 트러플 파스타 강츄합니다,브런치 맛집 트러플 파스타 강츄합니다,"브런치,맛집,트,러,플,파스타,강추,합니다"
혀니,5,빵도 너무 맛있는데 파스타 진짜 맛있어요 로제 추천 만족해요,빵도 너무 맛있는데 파스타 진짜 맛있어요 로제 추천 만족해요,"빵,도,너무,맛있,는데,파스타,진짜,맛있,어요,로제,추천,만족,해요"
hob****,4.5,역시 저의 최애 빵 맛집 간만에 갔는데 여전히 맛있어요 페스츄리바게트 팥절미 무조건 강추입니다,역시 저의 최애 빵 맛집 오래간만에 갔는데 여전히 맛있어요 페이스트리 바게트 팥 절미 무조건 강추입니다,"역시,저,의,최애,빵,맛집,오래간만,에,갔,는데,여전히,맛있,어요,페이스트리,바게트,팥,절미,무조건,강추,입니다"
8ch****,4.5,파스타랑 샐러드 넘 맛있어여  빵단골이라 가게된건데 브런치도 넘 맛있어서 반햇네여  다음에 또 가겠습니다,파스타랑 샐러드 너무 맛있어요  빵 단골이라 가게 된 건데 브런치도 너무 맛있어서 반했네요  다음에 또 가겠습니다,"파스타,랑,샐러드,너무,맛있,어요,빵,단골,이,라,가,게,된,건데,브런치,도,너무,맛있,어서,반했,네요,다음,에,또,가,겠,습니다"
김국현,5,청양마요바게트랑 팥절미 사먹었는데 둘다 다른매력인데 맛있네요  특히 청양마요는 처음들어보는데 맛이 괜찮았어요  다음에 또 가겠습니다 ,청 양 마요 바게트랑 팥 절미 사 먹었는데 둘 다 다른 매력인데 맛있네요  특히 청양 마오는 처음 들어보는데 맛이 괜찮았어요  다음에 또 가겠습니다 ,"청,양,마요,바게트,랑,팥,절미,사,먹,었,는데,둘,다,다른,매력,인데,맛있,네요,특히,청양,마오,는,처음,들,어,보,는데,맛,이,괜찮,았,어요,다음,에,또,가,겠,습니다"
블링블링,5,우아아아 진짜 불닭로제파스타 제 인생 맛풍기 파스타도 맛있는데 제 입맛엔 불닭 쩔어요 진쯔진짜 맛있음,으아아아 진짜 불닭 로제파스타 제 인생 맛 풍기 파스타도 맛있는데 제 입맛엔 불닭 쩔어요 진즈 진짜 맛있음,"으아아아,진짜,불닭,로제,파스타,제,인생,맛,풍기,파스타,도,맛있,는데,제,입맛,엔,불닭,쩔,어요,진즈,진짜,맛있,음"
은술이,2.5,빵이 너무 달아요,빵이 너무 달아요,"빵,이,너무,달,아요"
junsunun3,4,그냥그냥,그냥 그냥,"그냥,그냥"
you****,4,창문이 생겼음 좋겠어요,창문이 생겼으면 좋겠어요,"창문,이,생겼으면,좋,겠,어요"
아가,4.5,굿,굿,굿
취향소비자,5,맛있게 잘 먹었어요 주차만 잘 해결하면 브런치 즐기기 매우 좋아요  근처 산책길도 지금 단풍이 잔뜩이라 걷기 좋네용,맛있게 잘 먹었어요 주차만 잘 해결하면 브런치 즐기기 매우 좋아요  근처 산책길도 지금 단풍이 잔뜩이라 걷기 좋네요,"맛있,게,잘,먹,었,어요,주차,만,잘,해결,하,면,브런치,즐기,기,매우,좋,아요,근처,산책,길,도,지금,단풍,이,잔뜩,이,라,걷,기,좋,네요"
chl****,5,주말 점심시간쯤 가서 사람이 많았는데도 한 건물이 다 카페라 자리걱정 없이 먹을 수 있었습니다  음식맛이 너무 좋았고 특히 오일파스타는 다른 파스타전문점에서 먹은것 보다도 맛있다고 느끼면서 식사했습니다  너무 만족합니다,주말 점심시간쯤 가서 사람이 많았는데도 한 건물이 다 카페라 자리 걱정 없이 먹을 수 있었습니다  음식 맛이 너무 좋았고 특히 오일 파스타는 다른 파스타 전문점에서 먹은 것보다도 맛있다고 느끼면서 식사했습니다  너무 만족합니다,"주말,점심,시간,쯤,가,서,사람,이,많,았,는데,도,한,건물,이,다,카페,라,자리,걱정,없이,먹,을,수,있,었,습니다,음식,맛,이,너무,좋,았,고,특히,오일,파스타,는,다른,파스타,전문점,에서,먹,은,것,보다,도,맛있,다고,느끼,면서,식사,했,습니다,너무,만족,합니다"
sds****,4,맛은 쏘쏘 빵 종류는 많지 않지만 브런치 메뉴가 인기가 많은 듯 참고로 일반 바게트는 평일에만 나온다고 함,맛은 쏘 쏘 빵 종류는 많지 않지만 브런치 메뉴가 인기가 많은 듯 참고로 일반 바게트는 평일에만 나온다고 함,"맛,은,쏘,쏘,빵,종류,는,많,지,않,지만,브런치,메뉴,가,인기,가,많,은,듯,참고,로,일반,바게트,는,평일,에,만,나온다고,함"
slo****,4.5,빵도 커피도 너무 맛있어요주말이라 사람이 더더 많아그런지 좀 정신없는게 쬐끔 그랬는데 맛있으니 장땡,빵도 커피도 너무 맛있어요 주말이라 사람이 더더 많아그런지 좀 정신없는 게 조금 그랬는데 맛있으니 장땡,"빵,도,커피,도,너무,맛있,어요,주말,이,라,사람,이,더,더,많,아,그런지,좀,정신없,는,게,조금,그랬,는데,맛있,으니,장땡"
1tr****,4,굿,굿,굿
helloyumi,3,점점 맛이 그닥,점점 맛이 그다지,"점점,맛,이,그다지"
gkw****,5,빵이 맛있는집,빵이 맛있는 집,"빵,이,맛있,는,집"
Dahye Kim,5,언제나 말차라떼에 샷추가해서 먹었는데 여긴 아예 말차커피란게 있어서 너무 좋았어요 휘낭시에도 적당히 달고 무화과 맛이 어울려서 정말 맛있었습니다 연유치주바게트는 데워서 먹으니 더 맛있네요 혹시 빵 데워 드시고 싶으면 2층에 있는 직원한테 요청하면 해줍니다 또또 가서 말차커피를 즐겨야겠어요,언제나 말차 라테에 샷 추가해서 먹었는데 여긴 아예 말차 커피란 게 있어서 너무 좋았어요 휘나 이 시에도 적당히 달고 무화과 맛이 어울려서 정말 맛있었습니다 연유치 줄 바게트는 데워서 먹으니 더 맛있네요 혹시 빵 데워 드시고 싶으면 2층에 있는 직원한테 요청하면 해줍니다 또또 가서 말차 커피를 즐겨야겠어요,"언제나,말차,라테,에,샷,추가,해서,먹,었,는데,여긴,아예,말차,커피,란,게,있,어서,너무,좋,았,어요,휘,나,이,시,에,도,적당히,달,고,무화과,맛,이,어울려서,정말,맛있,었,습니다,연유,치,줄,바게트,는,데워서,먹,으니,더,맛있,네요,혹시,빵,데워,드,시,고,싶,으면,2,층,에,있,는,직원,한테,요청,하,면,해줍니다,또,또,가,서,말차,커피,를,즐겨야,겠,어요"
나봉쥬르,5,빵 종류도 엄청 다양하고 브런치 메뉴 올데이로 먹을 수 있어서 넘 좋아요 베이컨쉬림프 페스츄리피자랑 치즈하몽크림리조또 완전 꿀조합이에요 직원분들도 친절하시고 담에 재방문할거에용,빵 종류도 엄청 다양하고 브런치 메뉴 올 데이로 먹을 수 있어서 너무 좋아요 베이컨 슈림프 페이스트리 피자랑 치즈 하몽 크림 리소토 완전 꿀 조합이에요 직원분들도 친절하시고 담에 재방문할 거에 용,"빵,종류,도,엄청,다양,하,고,브런치,메뉴,올,데이,로,먹,을,수,있,어서,너무,좋,아요,베이컨,슈,림프,페이스트리,피자,랑,치즈,하몽,크림,리소토,완전,꿀,조합,이,에요,직원,분,들,도,친절,하,시,고,담,에,재,방문,할,거,에,용"
Miamio,4.5,요기 달달하고 맛있지만 크로와상은 좀,요기 달달하고 맛있지만 크루아상은 좀,"요기,달달,하,고,맛있,지만,크루아상,은,좀"
shakbari3,4.5,식사도 빵도 다 맛있었어요,식사도 빵도 다 맛있었어요,"식사,도,빵,도,다,맛있,었,어요"
shakbari3,5,너무 맛있었어요 브런치빵 모두 만족했습니다,너무 맛있었어요 브런치 빵 모두 만족했습니다,"너무,맛있,었,어요,브런치,빵,모두,만족,했,습니다"
diana,4,조아요,좋아요,"좋,아요"
SsoYoung,4,식빵 맛있어요,식빵 맛있어요,"식빵,맛있,어요"
XXX,2.5,주차장이없고 대중교통 근접성도 떨어지고 좌석은 34층이고 협소하다는 느낌이 든다 베이커리는 괜찮지만 파스타도 짜고 특히 콥샐러드는 너무 짜고 치즈냄새도 좀 역했다,주차장이 없고 대중교통 근접성도 떨어지고 좌석은 34층이고 협소하다는 느낌이 든다 베이커리는 괜찮지만 파스타도 짜고 특히 콥 샐러드는 너무 짜고 치즈냄새도 좀 역했다,"주차장,이,없,고,대중교통,근접,성,도,떨어지,고,좌석,은,34,층,이,고,협소,하,다는,느낌,이,든다,베이커리,는,괜찮,지만,파스타,도,짜,고,특히,콥,샐러드,는,너무,짜,고,치즈,냄새,도,좀,역했,다"
소울,4.5,가격대는 있지만 맛있어요 오전 11시만 돼도 자리가 꽉차네요 파스타도 샌드위치도 맛나요,가격대는 있지만 맛있어요 오전 11시만 돼도 자리가 꽉 차네요 파스타도 샌드위치도 맛나요,"가격대,는,있,지만,맛있,어요,오전,11,시,만,돼도,자리,가,꽉,차,네요,파스타,도,샌드위치,도,맛나,요"
바라기,5,맛있다길래 먹으러 왔어요,맛있다길래 먹으러 왔어요,"맛있,다길래,먹,으러,왔,어요"
kinda J,5,강추합니다 꼭 이용하세요 좋아요,강추합니다 꼭 이용하세요 좋아요,"강추,합니다,꼭,이용,하,세요,좋,아요"
Letaw,4.5,토마토 파스타가 맛있는데 옛날보다 엄청 매워짐,토마토 파스타가 맛있는데 옛날보다 엄청 매워짐,"토마토,파스타,가,맛있,는데,옛날,보다,엄청,매워,짐"
newhyun73,4,토마토시금치파스타 생각보다 많이 매콤했어요 같이 먹은 치즈하몽리조또가 조금 중화시켜줬네요 뉴욕치즈페스츄리는 엄청 진한 치즈맛이라 다 먹기는 좀 힘들었고 오렌지파운드케익이 정말 맛있었네요 흑임자라떼도 달지않고 괜찮았어요,토마토 시금치 파스타 생각보다 많이 매콤했어요 같이 먹은 치즈 하몽 리소토가 조금 중화시켜줬네요 뉴욕치즈 페이스트리는 엄청 진한 치즈 맛이라 다 먹기는 좀 힘들었고 오렌지 파운드케이크가 정말 맛있었네요 흑임자 라테도 달지 않고 괜찮았어요,"토마토,시금치,파스타,생각,보다,많이,매콤,했,어요,같이,먹,은,치즈,하몽,리소토,가,조금,중화,시켜,줬,네요,뉴욕,치즈,페이스트리,는,엄청,진한,치즈,맛,이,라,다,먹,기,는,좀,힘들,었,고,오렌지,파운드케이크,가,정말,맛있,었,네요,흑임자,라테,도,달,지,않,고,괜찮,았,어요"
shine,5,토마토시금치 파스타 매콤해서 좋아요,토마토 시금치 파스타 매콤해서 좋아요,"토마토,시금치,파스타,매콤,해서,좋,아요"
tae****,5,이 동네에서 빵 제일 맛있어요  분위기도 좋고 넓어서 자주 갑니다,이 동네에서 빵 제일 맛있어요  분위기도 좋고 넓어서 자주 갑니다,"이,동네,에서,빵,제일,맛있,어요,분위기,도,좋,고,넓,어서,자주,갑니다"
최강남자,5,빵도 아주 고급스럽고 특히 가성비 좋은 브런치메뉴가 인상적입니다,빵도 아주 고급스럽고 특히 구성비 좋은 브런치 메뉴가 인상적입니다,"빵,도,아주,고급,스럽,고,특히,구성비,좋,은,브런치,메뉴,가,인상,적,입니다"
양탱,5,라라브레드 빵 전부 있지만 쫄깃식빵이 우리집 최애에요 너무 맛있음,라라 브레드 빵 전부 있지만 쫄깃 식빵이 우리 집 최애에요 너무 맛있음,"라라,브레드,빵,전부,있,지만,쫄깃,식빵,이,우리,집,최애,에,요,너무,맛있,음"
11111,5,너무너무 맛있어요,너무너무 맛있어요,"너무너무,맛있,어요"
요고당,5,빵이 맛있네요 자리 잡기는 매우 힘드네요,빵이 맛있네요 자리 잡기는 매우 힘드네요,"빵,이,맛있,네요,자리,잡,기,는,매우,힘드,네요"
hsk****,5,너무너무맛잇엇어요 괜히사람많은게 아니네용,너무너무 맛있었어요 괜히 사람 많은 게 아니네요,"너무너무,맛있,었,어요,괜히,사람,많,은,게,아니,네요"
브런치사랑,4,좋네요,좋네요,"좋,네요"
ahf****,4.5,빵 마싯어요 근데 좀 비싸요,빵 맛있어요 근데 좀 비싸요,"빵,맛있,어요,근데,좀,비싸,요"
박채채,5,굿,굿,굿
난,2.5,좋아요,좋아요,"좋,아요"
yoo****,4,좋아요,좋아요,"좋,아요"
min,4,도도포인트 종료된지 몰랐어요 오늘 포인트 쓰려고 했었는데 번호 검색이 안되서 이관을 해주신다고 하네요 오늘 먹으려고 한 토마토야채그라탕도 단종되었대요 아보카도새우의 역습도 좋아해서 요걸로 맛있게 먹고 가요,도도 포인트 종료된 지 몰랐어요 오늘 포인트 쓰려고 했었는데 번호 검색이 안돼서 이관을 해주신다고 하네요 오늘 먹으려고 한 토마토 야채 그라탱도 단종되었대요 아보카도 새우의 역습도 좋아해서 요걸로 맛있게 먹고 가요,"도도,포인트,종료,된,지,몰랐,어요,오늘,포인트,쓰,려고,했었,는데,번호,검색,이,안,돼서,이관,을,해,주,신다고,하,네요,오늘,먹,으려고,한,토마토,야채,그라탱,도,단종,되,었,대요,아보카도,새우,의,역습,도,좋,아,해서,요걸로,맛있,게,먹,고,가요"
망고나라,4.5,빵 맛있어요,빵 맛있어요,"빵,맛있,어요"
dlz****,5,맛있어요,맛있어요,"맛있,어요"
sag****,5,깔끔하네요,깔끔하네요,"깔끔,하,네요"
keyoung20,5,4살 딸아이와 같이 브런치 먹으러 왔어요 로제파스타 매콤하니 맛있네요여긴 음식들이며 빵이며 실망한적이 없어요,4살 딸아이와 같이 브런치 먹으러 왔어요 로제파스타 매콤하니 맛있네요 여긴 음식들이며 빵이며 실망한 적이 없어요,"4,살,딸아이,와,같이,브런치,먹,으러,왔,어요,로제,파스타,매콤,하,니,맛있,네요,여긴,음식,들,이,며,빵,이,며,실망,한,적,이,없,어요"
rkw****,5,맛도 좋구 분위기도 좋네요,맛도 좋고 분위기도 좋네요,"맛,도,좋,고,분위기,도,좋,네요"
rkw****,5,맛 분위기 굿이예요,맛 분위기 굿이에요,"맛,분위기,굿,이,에요"
1tr****,4.5,층수가 많아 올라가기 힘들지만 집 근처에 있어서 자주 애용합니다 커피는 진한 편은 아니니 참고하세요 빵이랑 파스타류 넘 맛있습니다,층수가 많아 올라가기 힘들지만 집 근처에 있어서 자주 애용합니다 커피는 진한 편은 아니니 참고하세요 빵이랑 파스타류 너무 맛있습니다,"층수,가,많,아,올라가,기,힘들,지만,집,근처,에,있,어서,자주,애용,합니다,커피,는,진한,편,은,아니,니,참고,하,세요,빵,이랑,파스타,류,너무,맛있,습니다"
모두주목,4.5,치아바타 맛집 특히 치아바타가 맛있어용 나머지 빵들도 무난무난합니당 근데 바질 치아바타 최고 이거 먹으러 라아브레드 가용,치아바타 맛집 특히 치아바타가 맛있어요 나머지 빵들도 무난 무난합니다 근데 바질 치아바타 최고 이거 먹으러 라 아브 레드 가용,"치,아바타,맛집,특히,치,아바타,가,맛있,어요,나머지,빵,들,도,무난,무난,합니다,근데,바질,치,아바타,최고,이거,먹,으러,라,아브,레드,가용"
우기,4.5,맛있어요,맛있어요,"맛있,어요"
밝을소,5,공릉 공리단길 라라브레드가 공릉에도 있어서 자주 브런치 먹으러 와요 인테리어 완전 취향저격이고 콥샐러드랑 바게트랑 빵 다 너무 맛있어요 브런치 메뉴 양도 많고 아메리카노랑 청포도주스도 맛있고 오늘은 불닭리조또 먹어봤는데 매콤하고 맛있어요 브런치 강추,공릉 경리단길 라라 브레드가 공릉에도 있어서 자주 브런치 먹으러 와요 인테리어 완전 취향 저격이고 콥 샐러드랑 바게트랑 빵 다 너무 맛있어요 브런치 메뉴 양도 많고 아메리카노랑 청포도 주스도 맛있고 오늘은 불닭 리소토 먹어봤는데 매콤하고 맛있어요 브런치 강추,"공릉,경리,단,길,라라,브레드,가,공릉,에,도,있,어서,자주,브런치,먹,으러,와요,인테리어,완전,취향,저격,이,고,콥,샐러드,랑,바게트,랑,빵,다,너무,맛있,어요,브런치,메뉴,양,도,많,고,아메리카노,랑,청포,도,주스,도,맛있,고,오늘,은,불닭,리소토,먹,어,봤,는데,매콤,하,고,맛있,어요,브런치,강추"
젠틀맨,5,맛있어요,맛있어요,"맛있,어요"
푸홍,5,빵 맛있고 사람도 진짜많고 마늘빵 꼭드세요,빵 맛있고 사람도 진짜 많고 마늘빵 꼭 드세요,"빵,맛있,고,사람,도,진짜,많,고,마늘빵,꼭,드세요"
kob****,5,분위기도 좋고 빵도 다 너무 맛있어요,분위기도 좋고 빵도 다 너무 맛있어요,"분위기,도,좋,고,빵,도,다,너무,맛있,어요"
redfox217,5,친구들과 맛있는 음식 먹으며 즐거운 시간 보냈어요,친구들과 맛있는 음식 먹으며 즐거운 시간 보냈어요,"친구,들,과,맛있,는,음식,먹,으며,즐거운,시간,보냈,어요"
콩,4,맛있어요,맛있어요,"맛있,어요"
험힛,5,빵 진짜 맛있어요 최고,빵 진짜 맛있어요 최고,"빵,진짜,맛있,어요,최고"
꽃때지,5,제 최애 브런치맛집이라 친구들도 데려갔는데 다들 맛있다고 좋아했네요  브런치 다 먹고 빵은 포장해서 갔답니다  다음에 또갈게요 ,제 최애 브런치 맛 집이라 친구들도 데려갔는데 다들 맛있다고 좋아했네요  브런치 다 먹고 빵은 포장해서 갔답니다  다음에 또 갈게요,"제,최애,브런치,맛,집,이,라,친구,들,도,데려갔,는데,다,들,맛있,다고,좋,아,했,네요,브런치,다,먹,고,빵,은,포장,해서,갔,답니다,다음,에,또,갈게요"
뚜기,5,파니니랑 풍기파스타 둘다 너무 만족했어요  그리고 핑크구아바에이드도 굿 역시 브런치 맛집인것같아요 ,파니니랑 풍기가 스타 둘 다 너무 만족했어요  그리고 핑크 구아버 에이드도 굿 역시 브런치 맛 집인 것 같아요,"파니니,랑,풍기,가,스타,둘,다,너무,만족,했,어요,그리고,핑크,구아버,에이드,도,굿,역시,브런치,맛,집,인,것,같,아요"
아이리스,4,실수로 아이스를,실수로 아이스를,"실수,로,아이스,를"
rla****,4.5,공릉 라라브레드 빵이 다 너무 맛있어요 종류도 다양해 고르는 재미도 있었구요  특히 연유버터프레첼이랑 뉴욕치즈페스츄리가 가장 맛있었습니다  집근처러 자주갈것같아요,공릉 라라 브레드 빵이 다 너무 맛있어요 종류도 다양해 고르는 재미도 있었고요  특히 연유 버터 프레첼이랑 뉴욕치즈 페이스트리가 가장 맛있었습니다  집 근처로 자주 갈 것 같아요,"공릉,라라,브레드,빵,이,다,너무,맛있,어요,종류,도,다양,해,고르,는,재미,도,있,었,고,요,특히,연유,버터,프레첼,이랑,뉴욕,치즈,페이스트리,가,가장,맛있,었,습니다,집,근처,로,자주,갈,것,같,아요"
bhm****,5,라라브레드에서 브런치는 처음먹어보는데 진짜 맛있었어요  다음에 또가겠습니다,라라 브레드에서 브런치는 처음 먹어보는데 진짜 맛있었어요  다음에 또 가겠습니다,"라라,브레드,에서,브런치,는,처음,먹,어,보,는데,진짜,맛있,었,어요,다음,에,또,가,겠,습니다"
disapointed,5,방문할때마다 새로운 메뉴를 먹어보는 재미가 있는곳  빵 종류도 많고 먹어본것들 마다 다 맛있어요 브런치들도 맛있고 비주얼도 이뻐요 자리가 많은데도 꽉 차네요,방문할 때마다 새로운 메뉴를 먹어보는 재미가 있는 곳  빵 종류도 많고 먹어본 것들마다 다 맛있어요 브런치들도 맛있고 비주얼도 이뻐요 자리가 많은데도 꽉 차네요,"방문,할,때,마다,새로운,메뉴,를,먹,어,보,는,재미,가,있,는,곳,빵,종류,도,많,고,먹,어,본,것,들,마다,다,맛있,어요,브런치,들,도,맛있,고,비주얼,도,이뻐요,자리,가,많,은데,도,꽉,차,네요"
루피가조하,4.5,빵도맛있고 저렴했어요 찾고있던 아몬드크로와상은 없어서 살짝 아쉬웠습니다 ,빵도 맛있고 저렴했어요 찾고 있던 아몬드 크루아상은 없어서 살짝 아쉬웠습니다 ,"빵,도,맛있,고,저렴,했어요,찾,고,있,던,아몬드,크루아상,은,없,어서,살짝,아쉬웠,습니다"
jiy****,5,너무 맛있어요,너무 맛있어요,"너무,맛있,어요"
불고기새우덮밥,5,오랜만에 왔는데 여전히 맛있더라구요 단거땡겨서 모카라떼 먹었는데 존맛,오랜만에 왔는데 여전히 맛있더라고요 단 거 땡 겨서 모카 라테 먹었는데 존 만,"오랜만,에,왔,는데,여전히,맛있,더라고요,단,거,땡,겨,서,모카,라테,먹,었,는데,존맛"
좋아질꺼야,5,좋아요,좋아요,"좋,아요"
shi****,5,빵 넘맛있어요,빵 너무 맛있어요,"빵,너무,맛있,어요"
김사과,3,창문을 열 수가 없어서 실내공기가 너무 답답했어요 샌듸치는 맛있었는데 찰떡소보루 진짜 너무 맛없어서 깜짝놀랐네요,창문을 열 수가 없어서 실내공기가 너무 답답했어요 샌디 치는 맛있었는데 찰떡 곰보빵 진짜 너무 맛없어서 깜짝 놀랐네요,"창문,을,열,수,가,없,어서,실내,공기,가,너무,답답,했,어요,샌디,치,는,맛있,었,는데,찰떡,곰보빵,진짜,너무,맛없,어서,깜짝,놀랐,네요"
김가연,5,빵맛나요,빵 맛나요,"빵,맛나,요"
덕후감,3.5,늘 맛있게 먹고 있어요,늘 맛있게 먹고 있어요,"늘,맛있,게,먹,고,있,어요"
dot****,5,굿,굿,굿
루비루,5,맛있어요,맛있어요,"맛있,어요"
smartboy,4,맛빵,맛짱,"맛,짱"
꺄이하니야엉,5,눈으로 봐도 예쁘고 맛도 좋고,눈으로 봐도 예쁘고 맛도 좋고,"눈,으로,봐도,예쁘,고,맛,도,좋,고"
꺄이하니야엉,4,계단이 많고 셀프이용이라 번거로워요 많이 무거웠거덩요 계단 오르락 내리락 귀찮아서 별하나 읎음,계단이 많고 셀프 이용이라 번거로워요 많이 무거웠거든요 계단 오르락내리락 귀찮아서 별 하나 없음,"계단,이,많,고,셀프,이용,이,라,번거,로워요,많이,무거웠,거든요,계단,오르락내리락,귀찮,아서,별,하나,없,음"
꺄이하니야엉,5,빵종류가 많고 친절해요,빵 종류가 많고 친절해요,"빵,종류,가,많,고,친절,해요"
한쿤,4.5,좋아하는 빵이 제 앞에서 딱 떨어져서 별 4개반입니다 ,좋아하는 빵이 제 앞에서 딱 떨어져서 별 4개 반입니다,"좋,아,하,는,빵,이,제,앞,에서,딱,떨어져서,별,4,개,반,입니다"
kys,5,빵이 맛있어요,빵이 맛있어요,"빵,이,맛있,어요"
스윗제니,5,친절하시고 맛있었어요 콥샐러드 소스도 선택 가능하고 아보카도가 잘 익어서 맛있었습니다,친절하시고 맛있었어요 콥 샐러드 소스도 선택 가능하고 아보카도가 잘 익어서 맛있었습니다,"친절,하,시,고,맛있,었,어요,콥,샐러드,소스,도,선택,가능,하,고,아보카도,가,잘,익,어서,맛있,었,습니다"
치킨마요덮밥,5,와이프랑 산책하다 드려서 빵이랑 파스타 먹었는데 너무 맛있더라구요 다음에도 산책할때 들려야겠네유,와이프랑 산책하다 드려서 빵이랑 파스타 먹었는데 너무 맛있더라고요 다음에도 산책할 때 들려야겠네유,"와이프,랑,산책,하,다,드려서,빵,이랑,파스타,먹,었,는데,너무,맛있,더라고요,다음,에,도,산책,할,때,들려야,겠,네유"
kims5990,4,환기가안되서 에서빵찌든냄새오져,환기가 안돼서 에서 빵 찌든 냄새 오져,"환기,가,안,돼서,에서,빵,찌든,냄새,오져"
_,5,브런치 먹으러 방문했다가 자리가 없어서 테이크아웃해왔어요 빵 종류도 다양하고 다른 베이커리에는 없는 독특한 빵도 많아서 신나게 집어왔어요 집에 와서 먹어보니 다 맛있네요 토요일 오후라 그런지 사람이 몰려서 급하게 빵 집고 하나 더살까 싶어서 뒤돌아보면 없더라고요 마늘브레드랑 소 세지크루아상 못먹을뻔했어요 ,브런치 먹으러 방문했다가 자리가 없어서 테이크아웃해왔어요 빵 종류도 다양하고 다른 베이커리에는 없는 독특한 빵도 많아서 신나게 집어왔어요 집에 와서 먹어보니 다 맛있네요 토요일 오후라 그런지 사람이 몰려서 급하게 빵 집고 하나 더 살까 싶어서 뒤돌아보면 없더라고요 마늘 브레드랑 소 세지 크루아상 못 먹을뻔했어요,"브런치,먹,으러,방문,했,다가,자리,가,없,어서,테이크아웃,해,왔,어요,빵,종류,도,다양,하,고,다른,베이커리,에,는,없,는,독특,한,빵,도,많,아서,신나,게,집,어,왔,어요,집,에,와서,먹,어,보,니,다,맛있,네요,토요일,오후,라,그런지,사람,이,몰려서,급하,게,빵,집고,하나,더,살까,싶,어서,뒤돌아보,면,없,더라고요,마늘,브레드,랑,소,세지,크루아상,못,먹,을,뻔,했어요"
Iliilii,5,맛있어요,맛있어요,"맛있,어요"
레이첼,4,마늘바게트는 정말 맛있네요나머지는 쏘쏘,마늘 바게트는 정말 맛있네요 나머지는 쏘 쏘,"마늘,바게트,는,정말,맛있,네요,나머지,는,쏘,쏘"
클로버,5,앙버터빵 맛나요,앙버터 빵 맛나요,"앙,버터,빵,맛나,요"
샤밍밍,0.5,빵은 맛있고 좋은데 갑갑하고 애 데리고 물병 들고 와서는 수다 떨러 나온 시끄러운 줌마들 천지에 음식냄새 올라오고 빵이랑 음료 받으러 올라갔다 내려갔다 다시는 가고 싶지 않음,빵은 맛있고 좋은데 갑갑하고 애 데리고 물병 들고 와서는 수다 떨러 나온 시끄러운 줌마들 천지에 음식 냄새 올라오고 빵이랑 음료 받으러 올라갔다 내려갔다 다시는 가고 싶지 않음,"빵,은,맛있,고,좋,은데,갑갑,하,고,애,데리,고,물병,들,고,와서,는,수다,떨,러,나온,시끄러운,줌,마들,천지,에,음식,냄새,올라오,고,빵,이랑,음료,받,으러,올라갔,다,내려갔,다,다시,는,가,고,싶,지,않,음"
철이,4.5,맛있어요 크으으,맛있어요 으으으,"맛있,어요,으으으"
라이츄,4,사람이 늘 많은 곳,사람이 늘 많은 곳,"사람,이,늘,많,은,곳"
뀨뀨,4,맛있어용 ,맛있어요,"맛있,어요"
모모,5,처음 방문했는데 귀여운 빵이 많네요 작지만 분위기도 괜찮고 피자랑 파스타종류 먹었는데 맛있게 먹고왔어요 페스츄리피자 트리플 풍기 파스 타 카페라떼,처음 방문했는데 귀여운 빵이 많네요 작지만 분위기도 괜찮고 피자랑 파스타 종류 먹었는데 맛있게 먹고 왔어요 페이스트리 피자 트리플 풍기 파스 타 카페라테,"처음,방문,했,는데,귀여운,빵,이,많,네요,작,지만,분위기,도,괜찮,고,피자,랑,파스타,종류,먹,었,는데,맛있,게,먹,고,왔,어요,페이스트리,피자,트리플,풍기,파스,타,카페,라테"
연이,5,빵 커피 어느것 하나 놓칠수 없이 맛있어요,빵 커피 어느 것 하나 놓칠 수 없이 맛있어요,"빵,커피,어느,것,하나,놓칠,수,없이,맛있,어요"
Dahye Kim,5,도르도르 팡도르 생각에 또 들렀음 팡도르 크림이 너무 맛있움 모찌초코 사랑입니다 바삭쫠깃 크림치즈와 초코의 앙상블 여기 빵은 한입 먹는 순간 기립박수 나오게 함,도르도르 팡도르 생각에 또 들렀음 팡도르 크림이 너무 맛있음 모치 초코 사랑입니다 바삭쫠깃 크림치즈와 초코의 앙상블 여기 빵은 한입 먹는 순간 기립박수 나오게 함,"도르,도르,팡,도르,생각,에,또,들렀,음,팡,도르,크림,이,너무,맛있,음,모치,초코,사랑,입니다,바삭,쫠깃,크림치즈,와,초코,의,앙상블,여기,빵,은,한입,먹,는,순간,기립,박수,나오,게,함"
계프,4,마늘바게뜨 추천,마늘 바게트 추천,"마늘,바게트,추천"
시즌하루,4,맛있어요,맛있어요,"맛있,어요"
daylight,4,리얼포테이토 빵 추천이에요 쫀득하고 맛있어요,리얼 포테이토 빵 추천이에요 쫀득하고 맛있어요,"리얼,포테이토,빵,추천,이,에요,쫀득,하,고,맛있,어요"
하늘사랑,4.5,가격은 비싸지만 빵은 맛있어요,가격은 비싸지만 빵은 맛있어요,"가격,은,비싸,지만,빵,은,맛있,어요"
쩡호엄마,5,굿,굿,굿
다소,4.5,유명한만큼 맛있었어요  특히 치아바타가 쫀득쫀득해서 맛있게 먹었어요 전부 맛있었는데 통팥을 기대해서 그런지 팥절미는 조금 아쉬웠어요 그래도 전부 맛있어서 다른 빵들도 궁금해요 다음에 또 방문할거 같아요 ,유명한 만큼 맛있었어요  특히 치아바타가 쫀득쫀득해서 맛있게 먹었어요 전부 맛있었는데 통팥을 기대해서 그런지 팥 절미는 조금 아쉬웠어요 그래도 전부 맛있어서 다른 빵들도 궁금해요 다음에 또 방문할 거 같아요 ,"유명,한,만큼,맛있,었,어요,특히,치,아바타,가,쫀득쫀득,해서,맛있,게,먹,었,어요,전부,맛있,었,는데,통팥,을,기대,해서,그런지,팥,절미,는,조금,아쉬웠,어요,그래도,전부,맛있,어서,다른,빵,들,도,궁금,해요,다음,에,또,방문,할,거,같,아요"
mikyP,4.5,맛있긴 맛있는데 단짠단짠 자극적인 맛,맛있긴 맛있는데 단짠단짠 자극적인 맛,"맛있,긴,맛있,는데,단,짠,단,짠,자극,적,인,맛"
해바라기,4.5,파스타 가격은 좀 있었지만 식사 디저트 한번에 해결할 수 있어서 좋았어요,파스타 가격은 좀 있었지만 식사 디저트 한 번에 해결할 수 있어서 좋았어요,"파스타,가격,은,좀,있,었,지만,식사,디저트,한,번,에,해결,할,수,있,어서,좋,았,어요"
험힛,4,기대보단 ,기대보단 ,"기대,보단"
HRiiiiiii,5,여기 앙버터가 그동안 먹은 곳 중 젤 맛나용,여기 앙버터가 그동안 먹은 곳 중 젤 맛나요,"여기,앙,버터,가,그동안,먹,은,곳,중,젤,맛나,요"
날자궁,3.5,맛있어요 적립도 됐어요,맛있어요 적립도 됐어요,"맛있,어요,적립,도,됐,어요"
fairy7799,5,앙버터빵 맛있네,앙버터 빵 맛있네,"앙,버터,빵,맛있,네"
불고기새우덮밥,5,친구 동네 온김에 밥먹구 들렸는데 크루아상 진짜 미친듯 글쓰는데 입에 또 침고임 다음에 또가야게씀,친구 동네 온 김에 밥 먹고 들렸는데 크루아상 진짜 미친 듯 글 쓰는데 입에 또 침 고임 다음에 또 가야겠음,"친구,동네,온,김,에,밥,먹,고,들렸,는데,크루아상,진짜,미친,듯,글,쓰,는데,입,에,또,침,고임,다음,에,또,가,야,겠,음"
하뮤하뮤,3.5,한번 먹기 좋은거 같아요 가족들 모두 맛나게 먹었는데요 엄청 우와 할만큼은 아닌것 같아용,한번 먹기 좋은 거 같아요 가족들 모두 맛나게 먹었는데요 엄청 우와 할 만큼은 아닌 것 같아요,"한,번,먹,기,좋,은,거,같,아요,가족,들,모두,맛나,게,먹,었,는데요,엄청,우와,할,만큼,은,아닌,것,같,아요"
보들맘,4,굿,굿,굿
보들맘,5,굳,굿,굿
aness,5,맛있어요 ,맛있어요 ,"맛있,어요"
보헤미안,4,맛있어여,맛있어요,"맛있,어요"
국화,4.5,단독건물의 카페 분위기 좋음 빵종류 의외로 많음 가볍게 먹고 가기 좋음 재방문의사 있음,단독 건물의 카페 분위기 좋음 빵 종류 의외로 많음 가볍게 먹고 가기 좋음 재방문의 사 있음,"단독,건물,의,카페,분위기,좋,음,빵,종류,의외,로,많,음,가볍,게,먹,고,가,기,좋,음,재,방문,의,사,있,음"
쭌이뚱이,4.5,빵 다양하고 맛나네요 요리를 못 먹어봐서 아쉽지만 담에 또 들릴랍니다,빵 다양하고 맛나네요 요리를 못 먹어봐서 아쉽지만 담에 또 들릴랍니다,"빵,다양,하,고,맛나,네요,요리,를,못,먹,어,봐서,아쉽,지만,담,에,또,들릴,랍니다"
min,4,좋아요,좋아요,"좋,아요"
달링앤유,4.5,맛있어요,맛있어요,"맛있,어요"
눈누난나,5,제 최애빵집 라라브레드 브런치도 맛있고 빵도 맛있어요 케잌도 있었으면 좋겠다는 바게뜨빵 1000원 득템도 최고에요,제 최애 빵집 라라 브레드 브런치도 맛있고 빵도 맛있어요 케이크도 있었으면 좋겠다는 바게트 빵 1000원 득템도 최고예요,"제,최애,빵집,라라,브레드,브런치,도,맛있,고,빵,도,맛있,어요,케이크,도,있,었,으면,좋,겠,다는,바게트,빵,1000,원,득템,도,최고,예요"
하파,5,빵이 예쁘고 맛있습니다,빵이 예쁘고 맛있습니다,"빵,이,예쁘,고,맛있,습니다"
Seohyun,5,빵 마싯썽,빵 마싯썽,"빵,마,싯,썽"
커다란나무,5,친구집 놀러왔다가 최애빵집 발견 광주에서 먹어보고 반가워서 들어갔어요 빵이랑 음료 브런치 모듀 만족 ,친구 집 놀러 왔다가 최애 빵집 발견 광주에서 먹어보고 반가워서 들어갔어요 빵이랑 음료 브런치 모두 만족 ,"친구,집,놀,러,왔,다가,최애,빵집,발견,광주,에서,먹,어,보,고,반가워서,들어갔,어요,빵,이랑,음료,브런치,모두,만족"
집사,4.5,빵이 맛있습니다,빵이 맛있습니다,"빵,이,맛있,습니다"
석주현,5,라라브레드 공릉점 두번째방문 빵도 맛있고 메뉴도 맛있고 분위기도 좋아요 친절도도 100  브런치 맛집으로 추천드립니다,라라 브레드 공릉점 두 번째 방문 빵도 맛있고 메뉴도 맛있고 분위기도 좋아요 친절도도 100  브런치 맛 집으로 추천드립니다,"라라,브레드,공릉,점,두,번,째,방문,빵,도,맛있,고,메뉴,도,맛있,고,분위기,도,좋,아요,친,절도,도,100,브런치,맛,집,으로,추천,드립니다"
덕후감,4,항상 맛있게 잘 먹고 있습니다,항상 맛있게 잘 먹고 있습니다,"항상,맛있,게,잘,먹,고,있,습니다"
sue****,3,Good,굿,굿
JM,5,트리플 풍기버섯 파스타  짭쪼름한 오일 파스타인데 고기 저리가라할 정도로 맛있어요 넘 맛있어서 두번 시켜먹음 눈달린 귀요미 빵은 카야잼 브래드인데 이것도 추천해요 하나는 먹고 나올때 하나 더 포장 굿 ,트리플 풍기 버섯 파스타  짭조름한 오일 파스타인데 고기 저리 가라 할 정도로 맛있어요 너무 맛있어서 두 번 시켜 먹음 눈 달린 귀요미 빵은 카야 잼 브래드인데 이것도 추천해요 하나는 먹고 나올 때 하나 더 포장 굿 ,"트리플,풍기,버섯,파스타,짭조름,한,오일,파스타,인데,고기,저리,가,라,할,정도,로,맛있,어요,너무,맛있,어서,두,번,시켜,먹,음,눈,달린,귀요미,빵,은,카야,잼,브래드,인데,이것,도,추천,해요,하나,는,먹,고,나올,때,하나,더,포장,굿"
ver****,4,오렌지 파운드케익 너무 좋아요 묵직하고 촉촉해요 크로와상샌드위치좋아하는데 오늘보니 햄이며 소스가 너무 말라있어서 못샀어요 개별포장으로 전시하면 좋겠네요,오렌지 파운드케이크 너무 좋아요 묵직하고 촉촉해요 크루아상 샌드위치 좋아하는데 오늘 보니 햄이며 소스가 너무 말라있어서 못 샀어요 개별 포장으로 전시하면 좋겠네요,"오렌지,파운드케이크,너무,좋,아요,묵직,하,고,촉촉,해요,크루아상,샌드위치,좋,아,하,는데,오늘,보,니,햄,이,며,소스,가,너무,말라,있,어서,못,샀어요,개별,포장,으로,전시,하,면,좋,겠,네요"
area500,5,라라브레드 앙버터는 최고 근데 매장에서 먹어야 맛있음 포장해서 집에서 먹으니 빵이 눅눅해진다  라라브레드 라라브레드공릉,라라 브레드 앙버터는 최고 근데 매장에서 먹어야 맛있음 포장해서 집에서 먹으니 빵이 눅눅해진다  라라 브레드 라라 브레드 공릉,"라라,브레드,앙,버터,는,최고,근데,매장,에서,먹,어야,맛있,음,포장,해서,집,에서,먹,으니,빵,이,눅눅,해진다,라라,브레드,라라,브레드,공릉"
wis****,5,넘나 맛있는 주차공간만 여유있으면 더 자주갈텐데 아쉬워요,넘나 맛있는 주차공간만 여유 있으면 더 자주 갈 텐데 아쉬워요,"넘,나,맛있,는,주차,공간,만,여유,있,으면,더,자주,갈,텐데,아쉬워,요"
vit****,4,좋아요,좋아요,"좋,아요"
산마루,3.5,맛은 모르겠고 일찍 잗아요,맛은 모르겠고 일찍 잗아요,"맛,은,모르,겠,고,일찍,잗아요"
ure****,5,또 오고싶은 곳이에요,또 오고 싶은 곳이에요,"또,오,고,싶,은,곳,이,에요"
곱분이,5,예쁘고 맛있어요 커피는 쏘쏘,예쁘고 맛있어요 커피는 쏘 쏘,"예쁘,고,맛있,어요,커피,는,쏘,쏘"
kum****,4,좋아요,좋아요,"좋,아요"
돈키호테,5,강력추천합니다,강력 추천합니다,"강력,추천,합니다"
덕선이,5,좋아요,좋아요,"좋,아요"
이발,5,강추,강추,강추
나다시,5,굿,굿,굿
데이지,5,빵 맛있어요,빵 맛있어요,"빵,맛있,어요"
Kkumin,4,유명한덴 이유가 있더라구요,유명한 덴 이유가 있더라고요,"유명,한,덴,이유,가,있,더라고요"
129yzn,5,첫 방문이였는데 빵종류도 다양해서 좋았습니다 빵도 맛있고 다음에는 꼭 브런치 먹어봐야겠습니다 산책하다가 빵도먹고 커피도 마시고 하면 좋을것 같아요 오전에 브런치 먹는 분들이 많았어요,첫 방문이었는데 빵 종류도 다양해서 좋았습니다 빵도 맛있고 다음에는 꼭 브런치 먹어봐야겠습니다 산책하다가 빵도 먹고 커피도 마시고 하면 좋을 것 같아요 오전에 브런치 먹는 분들이 많았어요,"첫,방문,이,었,는데,빵,종류,도,다양,해서,좋,았,습니다,빵,도,맛있,고,다음,에,는,꼭,브런치,먹,어,봐야겠습니다,산책,하,다가,빵,도,먹,고,커피,도,마시,고,하,면,좋,을,것,같,아요,오전,에,브런치,먹,는,분,들,이,많,았,어요"
ver****,4,빵 맛나요 진열된 빵이 개별포장 안되있어서 좀 그래요,빵 맛나요 진열된 빵이 개별 포장 안 돼있어서 좀 그래요,"빵,맛나,요,진열,된,빵,이,개별,포장,안,돼,있,어서,좀,그래요"
느림보,3,sun rise랑 뉴욕치즈페스츄리 맛있어요 빵이 덮개 같은 거 없이 노출되어 있어서 좀 그렇긴 해요,sun rise랑 뉴욕치즈 페이스트리 맛있어요 빵이 덮개 같은 거 없이 노출되어 있어서 좀 그렇긴 해요,"sun,rise,랑,뉴욕,치즈,페이스트리,맛있,어요,빵,이,덮개,같,은,거,없이,노출,되,어,있,어서,좀,그렇,긴,해요"
호두호두,5,분위기 좋고 맛잇어용,분위기 좋고 맛있어요,"분위기,좋,고,맛있,어요"
kum****,4,좋아요,좋아요,"좋,아요"
박현아,5,쫄깃식빵 너무 맛나요,쫄깃 식빵 너무 맛나요,"쫄깃,식빵,너무,맛나,요"
튤립조아,5,항상 웨이팅,항상 웨이팅,"항상,웨이팅"
Mksnz,4,커피 양이 많지는 않은데 무난합니다 4층짜리 건물이지만 1층에는 앉는 공간은 없고 2층은 픽업하는 곳 테이블 몇 개 3 4층은 넓어요,커피 양이 많지는 않은데 무난합니다 4층짜리 건물이지만 1층에는 앉는 공간은 없고 2층은 픽업하는 곳 테이블 몇 개 3 4층은 넓어요,"커피,양,이,많,지,는,않,은데,무난,합니다,4,층,짜리,건물,이,지만,1,층,에,는,앉,는,공간,은,없,고,2,층,은,픽업,하,는,곳,테이블,몇,개,3,4,층,은,넓,어요"
밍긍,4.5,저녁식사하기 좋은 곳이었어요 페스츄리가 도우인 피자도 특이하고 좋았습니다 샐러드에 무화과 들어가는 것도 특이하고 좋았어요 맛도 있었구요,저녁식사하기 좋은 곳이었어요 페이스트리가 도우인 피자도 특이하고 좋았습니다 샐러드에 무화과 들어가는 것도 특이하고 좋았어요 맛도 있었고요,"저녁,식사,하,기,좋,은,곳,이,었,어요,페이스트리,가,도우,인,피자,도,특이,하,고,좋,았,습니다,샐러드,에,무화과,들어가,는,것,도,특이,하,고,좋,았,어요,맛,도,있,었,고요"
kimpro,3,빵은 맛있음 다소 비쌈 쏘쏘,빵은 맛있음 다소 비쌈 쏘 쏘,"빵,은,맛있,음,다소,비쌈,쏘,쏘"
까아매,4.5,굿,굿,굿
viv****,4,오래 앉아서 먹으면 맛도 가성비도 좋은 곳  샌드위치가 좀만 저렴했으면,오래 앉아서 먹으면 맛도 구성비도 좋은 곳  샌드위치가 좀만 저렴했으면,"오래,앉,아서,먹,으면,맛,도,구성비,도,좋,은,곳,샌드위치,가,좀,만,저렴,했으면"
덕후감,4.5,맛있어요 가성비도 굿,맛있어요 구성비도 굿,"맛있,어요,구성비,도,굿"
레몬아이,4,건물은 이쁨 안은 그냥쏘쏘 단호박빙수 쏘쏘 마늘빵 기르이 넘많음 타르트맛났음,건물은 이쁨 안은 그냥 쏘 쏘 단호박 빙수 쏘 쏘 마늘빵 기름이 너무 많음 타르트 맛 났음,"건물,은,이쁨,안,은,그냥,쏘,쏘,단호박,빙수,쏘,쏘,마늘빵,기름,이,너무,많,음,타르트,맛,났,음"
pou****,5,깨끗하고 음식이 맛있어요,깨끗하고 음식이 맛있어요,"깨끗,하,고,음식,이,맛있,어요"
제롬,5,공릉동 맛집 중 하나 정말 맛있어요,공릉동 맛집 중 하나 정말 맛있어요,"공릉동,맛집,중,하나,정말,맛있,어요"
옆집언니,4,즐거운시간,즐거운 시간,"즐거운,시간"
ver****,4,빵 다 맛나요 매번 포장해서 집에서 먹어요 아쉬운건 빵들을 개별 포장 해놓으면 좋겠어요 매장에 소독제 비치되 있지만 손님들 아무도 안쓰고 집게며 쟁반이며 공유하는데 빵도 그냥 있으니특히나 포스 옆에 빵은 진짜 뚜껑있는 매대 사용하면 좋겠어요,빵 다 맛나요 매번 포장해서 집에서 먹어요 아쉬운 건 빵들을 개별 포장 해놓으면 좋겠어요 매장에 소독제 비치돼 있지만 손님들 아무도 안 쓰고 집게며 쟁반이며 공유하는데 빵도 그냥 있으니 특히나 포스 옆에 빵은 진짜 뚜껑 있는 매대 사용하면 좋겠어요,"빵,다,맛나,요,매번,포장,해서,집,에서,먹,어요,아쉬운,건,빵,들,을,개별,포장,해,놓,으면,좋,겠,어요,매장,에,소독,제,비치,돼,있,지만,손님,들,아무,도,안,쓰,고,집게,며,쟁반,이,며,공유,하,는,데,빵,도,그냥,있,으니,특히,나,포스,옆,에,빵,은,진짜,뚜껑,있,는,매대,사용,하,면,좋,겠,어요"
루와,4.5,겁나 비싸지만 맛남 ,겁나 비싸지만 맛남 ,"겁나,비싸,지만,맛,남"
Leejuhwa,4.5,맛있어요,맛있어요,"맛있,어요"
안졸리나졸려,5,빵만 할때보다 피자 파스타를 먹을 수 있게 된 뒤로 더 자주 가게 되는 곳이에요 개인적으로 페스츄리 도우를 좋아하는데 합리적인 가격으로 맛있게 페스츄리피자 먹을 수 있는 곳이 늘어나서 너무 좋아요 트러플풍기오일 파스타도 트러플향 완젼 확 나고 너무 맛있어요,빵만 할 때보다 피자 파스타를 먹을 수 있게 된 뒤로 더 자주 가게 되는 곳이에요 개인적으로 페이스트리 도우를 좋아하는데 합리적인 가격으로 맛있게 페이스트리 피자 먹을 수 있는 곳이 늘어나서 너무 좋아요 트러플 풍기 오일 파스타도 트러플 향 완전 확 나고 너무 맛있어요,"빵,만,할,때,보다,피자,파스타,를,먹,을,수,있,게,된,뒤,로,더,자주,가,게,되,는,곳,이,에요,개인,적,으로,페이스트리,도우,를,좋아하,는데,합리,적,인,가격,으로,맛있,게,페이스트리,피자,먹,을,수,있,는,곳,이,늘어나,서,너무,좋,아요,트,러,플,풍기,오,일,파스타,도,트,러,플,향,완전,확,나,고,너무,맛있,어요"
호호,4,빵이랑 커피 둘 다 너무 맛있어요 남자친구가 다크한 커피 젛아하는데 엄청 좋아하네요  뉴욕치즈 타르트 진짜 대존맛,빵이랑 커피 둘 다 너무 맛있어요 남자친구가 다크 한 커피 좋아하는데 엄청 좋아하네요  뉴욕치즈 타르트 진짜 대전 맛,"빵,이랑,커피,둘,다,너무,맛있,어요,남자,친구,가,다크,한,커피,좋,아,하,는데,엄청,좋,아,하,네요,뉴욕,치즈,타르트,진짜,대전,맛"
hun****,3,그냥,그냥,그냥
쑤야,2,맛은 있는데 매장 청결상태가 별로에요 층별로 나눠져있어 그런지 관리가 잘 안되는거 같아요 에어컨 송풍구도 너무 더럽고 냄새도 좋지 않았습니다,맛은 있는데 매장 청결상태가 별로예요 층별로 나눠져있어 그런지 관리가 잘 안되는 거 같아요 에어컨 송풍구도 너무 더럽고 냄새도 좋지 않았습니다,"맛,은,있,는데,매장,청결,상태,가,별로,예요,층,별,로,나눠져,있,어,그런지,관리,가,잘,안,되,는,거,같,아요,에어컨,송풍,구도,너무,더럽,고,냄새,도,좋,지,않,았,습니다"
유진,5,너무 맛있어요,너무 맛있어요,"너무,맛있,어요"
GrayT,5,역시 역시,역시 역시,"역시,역시"
kys****,1.5,좋아요,좋아요,"좋,아요"
SJ,5,빵이 맛있어보이고 음식도 같이 팔아서 데이트하기 좋을 것 같아요 인절미 크루아상은 좀 달기는 했지만 특이해서 좋았고 팡도르도 맛있었어요 특히 팡도르 크림이 맛있네요 크림이 달아서 빵을 안달게 하니 먹기 좋았어요,빵이 맛있어 보이고 음식도 같이 팔아서 데이트하기 좋을 것 같아요 인절미 크루아상은 좀 달기는 했지만 특이해서 좋았고 팡도 이르도 맛있었어요 특히 팡도르 크림이 맛있네요 크림이 달아서 빵을 안 달게 하니 먹기 좋았어요,"빵,이,맛있,어,보이,고,음식,도,같이,팔,아서,데이트,하,기,좋,을,것,같,아요,인절미,크루아상,은,좀,달기,는,했,지만,특이,해서,좋,았,고,팡,도,이르,도,맛있,었,어요,특히,팡,도르,크림,이,맛있,네요,크림,이,달,아서,빵,을,안,달,게,하,니,먹,기,좋,았,어요"
illiiililli,1.5,빵은 맛있어요 종류도 많고 음료는 매우평범 매장은 좁고 높아서 자리 잡기 쉽지 않아요 직원들이 친절하진 않고 앞치마 맨 채로 건물 옆에서 담배피 고 침뱉기를 너무 대놓고 해서 위생은 찜찜했어요,빵은 맛있어요 종류도 많고 음료는 매우 평범 매장은 좁고 높아서 자리 잡기 쉽지 않아요 직원들이 친절하진 않고 앞치마 맨 채로 건물 옆에서 담배 피 고 침 뱉기를 너무 대놓고 해서 위생은 찜찜했어요,"빵,은,맛있,어요,종류,도,많,고,음료,는,매우,평범,매장,은,좁,고,높,아서,자리,잡,기,쉽,지,않,아요,직원,들,이,친절,하,진,않,고,앞치마,맨,채,로,건물,옆,에서,담배,피,고,침,뱉,기,를,너무,대놓고,해서,위생,은,찜찜,했어요"
pink00ss,5,맛있어요,맛있어요,"맛있,어요"
aro****,4,너무 맛이어요 세번째 방문,너무 맛이어요 세 번째 방문,"너무,맛,이,어요,세,번,째,방문"
럭키럭키,4,복잡하고 모기가 많은거 빼고는 괜찮아요,복잡하고 모기가 많은 거 빼고는 괜찮아요,"복잡,하,고,모기,가,많,은,거,빼,고,는,괜찮,아요"
friendship,4.5,테이블 마다 간격이 있는 편이라 좋아요  1층에서 빵 고르고 주문하면 2층에서 픽업하는 시스템이에요 빵 먹으러 간거라 라떼는 기대안했는데 괜찮은 편이었어요 ,테이블마다 간격이 있는 편이라 좋아요  1층에서 빵 고르고 주문하면 2층에서 픽업하는 시스템이에요 빵 먹으러 간 거라 라테는 기대 안 했는데 괜찮은 편이었어요 ,"테이블,마다,간격,이,있,는,편,이,라,좋,아요,1,층,에서,빵,고르,고,주문,하,면,2,층,에서,픽업,하,는,시스템,이,에요,빵,먹,으러,간,거,라,라테,는,기대,안,했,는데,괜찮,은,편,이,었,어요"
김,4.5,맛있어요,맛있어요,"맛있,어요"
김지희,5,맛잇어요,맛있어요,"맛있,어요"
율마,5,멋지네요,멋지네요,"멋지,네요"
황똥깡,4,브런치 맛있어요 커피는 그냥저냥 그렇네요,브런치 맛있어요 커피는 그냥저냥 그렇네요,"브런치,맛있,어요,커피,는,그냥저냥,그렇,네요"
실버,5,맛있어요늘 가던곳이예요,맛있어요 늘 가던 곳이에요,"맛있,어요,늘,가,던,곳,이,에요"
천여사,4,좋아요,좋아요,"좋,아요"
닉네임,3.5,좋아요,좋아요,"좋,아요"
karakal,4,빵은 맛있고 인테리어는 그냥그렇습니다,빵은 맛있고 인테리어는 그냥 그렇습니다,"빵,은,맛있,고,인테리어,는,그냥,그렇,습니다"
최재원,4,가심비 빵으로 추천합니다,가심비 빵으로 추천합니다,"가심,비,빵,으로,추천,합니다"
곰곰이,5,라라브레드 공릉점 누텔라크러핀 뉴욕치즈페스츄리,라라 브레드 공릉점 누텔라크러핀 뉴욕치즈 페이스트리,"라라,브레드,공릉,점,누텔라,크,러핀,뉴욕,치즈,페이스트리"
sunna333,5,건물도 이쁘고 맛나요,건물도 이쁘고 맛나요,"건물,도,이쁘,고,맛나,요"
ver****,4,빵들은 개별 포장 안해놨고 포스 옆에 있은 빵들은 진짜 먹고 싶지만 먹기 싫음 제발 개별포장 해주세요 요즘 새 알바들인지 포인트 누락이 잦음,빵들은 개별 포장 안 해놨고 포스 옆에 있은 빵들은 진짜 먹고 싶지만 먹기 싫음 제발 개별 포장해주세요 요즘 새 알바들인지 포인트 누락이 잦음,"빵,들,은,개별,포장,안,해놨,고,포스,옆,에,있,은,빵,들,은,진짜,먹,고,싶,지만,먹,기,싫,음,제발,개별,포장,해,주,세요,요즘,새,알,바,들,인지,포인트,누락,이,잦,음"
192607099,4,빵이 맛있네요 다양한 잼도 튜브형으로 작게 팔던데 다음엔 그거 먹으러 가봐야겠어요,빵이 맛있네요 다양한 잼도 튜브형으로 작게 팔던데 다음엔 그거 먹으러 가봐야겠어요,"빵,이,맛있,네요,다양,한,잼,도,튜브,형,으로,작,게,팔,던데,다음,엔,그거,먹,으러,가,봐야,겠,어요"
ybh****,4.5,오픈한지 얼마안됐는데도 바글바글하네요,오픈한지 얼마 안 됐는데도 바글바글하네요,"오픈,한지,얼마,안,됐,는데,도,바글바글,하,네요"
조아라,5,가격은 좀 있지만 빵은 맛있어요,가격은 좀 있지만 빵은 맛있어요,"가격,은,좀,있,지만,빵,은,맛있,어요"
tim****,5,친절하고 너무 좋네요,친절하고 너무 좋네요,"친절,하,고,너무,좋,네요"
tim****,5,팡도르 너무맛있었어요,팡도르 너무 맛있었어요,"팡,도르,너무,맛있,었,어요"
192607099,4,맛있어요,맛있어요,"맛있,어요"
별쫑,5,맛있어요,맛있어요,"맛있,어요"
Bibi,3,사람이 너무많고 시끄러워요 그리고 와이파이도 안돼요,사람이 너무 많고 시끄러워요 그리고 와이파이도 안돼요,"사람,이,너무,많,고,시끄러워,요,그리고,와이파이,도,안,돼요"
방울방울,4,좋아요,좋아요,"좋,아요"
sehwaaa,4.5,음식이 오래걸리네요,음식이 오래 걸리네요,"음식,이,오래,걸리,네요"
이은채,5,맛있네요,맛있네요,"맛있,네요"
요죠숙녀,4,맛있어요 아보카도 새우의 역습 맛있어요 긍데 좌석은 공간이 좁아서 시끄럽고 좀 정신없네요,맛있어요 아보카도 새우의 역습 맛있어요 근데 좌석은 공간이 좁아서 시끄럽고 좀 정신없네요,"맛있,어요,아보카도,새우,의,역습,맛있,어요,근데,좌석,은,공간,이,좁,아서,시끄럽,고,좀,정신없,네요"
morange88,3,음료가 비쌈,음료가 비쌈,"음료,가,비쌈"
금빛 츄츄,4.5,브런치보다 빵이 더 맛있어요 ,브런치보다 빵이 더 맛있어요 ,"브런치,보다,빵,이,더,맛있,어요"
테유,4,샐러드 가격이 좀 비싼것같아요,샐러드 가격이 좀 비싼 것 같아요,"샐러드,가격,이,좀,비싼,것,같,아요"
토토,5,트리플풍기 트러플오일파스타 갈때마다먹는데 너무맛있어요 양 좀만 더 주시면 좋을거같음 과콰몰리 치킨샌드 닭가슴살 퍽퍽하지않고 새콤하니맛있고 고급시럽게 블랙커런트 올라가서좋았어요 연유 치즈바케트 새로운맛인데 짭짤하니 맛있었어요 늘 자리잡기가 빡신데 직원분들 늘 돌아다니면서 정리 깔끔하게 해주는편이라 붐비는 카페치고는 깨끗해요,트리플 풍기 트러플오일 파스타 갈 때마다 먹는데 너무 맛있어요 양 좀만 더 주시면 좋을 거 같음 과콰몰리 치킨 샌드 닭 가슴살 퍽퍽하지 않고 새콤하니 맛있고 고급시럽게 블랙커런트 올라가서 좋았어요 연유 치즈 바게트 새로운 맛인데 짭짤하니 맛있었어요 늘 자리 잡기가 빡센데 직원분들 늘 돌아다니면서 정리 깔끔하게 해주는 편이라 붐비는 카페치고는 깨끗해요,"트리플,풍기,트,러,플,오일,파스타,갈,때,마다,먹,는데,너무,맛있,어요,양,좀,만,더,주,시,면,좋,을,거,같,음,과,콰,몰리,치킨,샌드,닭,가슴살,퍽퍽,하,지,않,고,새콤,하,니,맛있,고,고급,시럽,게,블랙,커런트,올라가,서,좋,았,어요,연유,치즈,바게트,새로운,맛,인데,짭짤,하,니,맛있,었,어요,늘,자리,잡,기,가,빡센,데,직원,분,들,늘,돌아다니,면서,정리,깔끔,하,게,해,주,는,편,이,라,붐비,는,카페,치,고,는,깨끗,해요"
you****,5,친절하고 맛있어요,친절하고 맛있어요,"친절,하,고,맛있,어요"
오리,3,빵 맛있어요 근데 매장에 파리 날아다녔어요 빵위에도 살포시 앉기도하고 위생 좀 신경써서 빵을 덮어놓던지 케이스 안에 넣어두던지 하면 좋을거같아요,빵 맛있어요 근데 매장에 파리 날아다녔어요 빵 위에도 살포시 앉기도 하고 위생 좀 신경 써서 빵을 덮어놓던지 케이스 안에 넣어두든지 하면 좋을 거 같아요,"빵,맛있,어요,근데,매장,에,파리,날아다녔,어요,빵,위,에,도,살포시,앉,기,도,하,고,위생,좀,신경,써서,빵,을,덮,어,놓,던지,케이스,안,에,넣,어,두,든지,하,면,좋,을,거,같,아요"
kur****,3.5,샐러드 잔치 ,샐러드 잔치 ,"샐러드,잔치"
상큼한 하루,4,좋아요,좋아요,"좋,아요"
멍,2,생각보다 그닥,생각보다 그다지,"생각,보다,그다지"
베로니카,5,네명이서 즐겁게 먹고왔습니다,네 명이서 즐겁게 먹고 왔습니다,"네,명,이,서,즐겁,게,먹,고,왔,습니다"
ui,5,공간도 넓고 음식들도 맛있어요 공리단길 공트럴파크 공리단길 카페추천,공간도 넓고 음식들도 맛있어요 경리단길 공트럴파크 경리단길 카페 추천,"공간,도,넓,고,음식,들,도,맛있,어요,경리,단,길,공트,럴파크,경리,단,길,카페,추천"
내시끼 잘가,3,주맘에들어요 아주좋아요 아주좋아요,주 맘에 들어요 아주 좋아요 아주 좋아요,"주,맘,에,들,어요,아주,좋,아요,아주,좋,아요"
늉늉,5,사람이 많네요,사람이 많네요,"사람,이,많,네요"
깡맘,2,사람은 많고 자리는 좁고 시끄럽고 자리없어 4층까지 계단으로 왔다갔다가격대비 맛은 그냥저냥커피는 맛있내요초코크로와상은 또 먹고 싶지만패쓰재방문은 안할듯,사람은 많고 자리는 좁고 시끄럽고 자리 없어 4층까지 계단으로 왔다 갔다 가격 대비 맛은 그냥저냥 커피는 맛있네요 초코 크루아상은 또 먹고 싶지만 패스 재방문은 안 할 듯,"사람,은,많,고,자리,는,좁,고,시끄럽,고,자리,없,어,4,층,까지,계단,으로,왔,다,갔,다,가격,대비,맛,은,그냥저냥,커피,는,맛있,네요,초코,크루아상,은,또,먹,고,싶,지만,패스,재,방문,은,안,할,듯"
매력지니v,5,팡도르 굳,팡도르 굿,"팡,도르,굿"
멜랑꼴리,5,팡도르 입에서 사르르,팡도르 입에서 사르르,"팡,도르,입,에서,사르르"
배고프재,5,공릉 라라브레드 빵 정말 맛있어요,공릉 라라 브레드 빵 정말 맛있어요,"공릉,라라,브레드,빵,정말,맛있,어요"
바다가보이는언덕,4,빵 맛있었어요 다음에 다양한 빵들 브런치 먹으러 꼭 재방문 하려고요 친절한 응대 good,빵 맛있었어요 다음에 다양한 빵들 브런치 먹으러 꼭 재방문 하려고요 친절한 응대 굿,"빵,맛있,었,어요,다음,에,다양,한,빵,들,브런치,먹,으러,꼭,재,방문,하,려고요,친절,한,응대,굿"
0,4,맛있는데 빵은 케이스 안쪽에 넣어두거나 뚜껑씌워두는게 좋을껏같아요,맛있는데 빵은 케이스 안쪽에 넣어두거나 뚜껑 씌워두는 게 좋을 것 같아요,"맛있,는데,빵,은,케이스,안쪽,에,넣,어,두,거나,뚜껑,씌워,두,는,게,좋,을,것,같,아요"
twins0802,4.5,맛은있는데 가격이,맛은 있는데 가격이,"맛,은,있,는데,가격,이"
wol****,3,빵은 소소 분위기나 주차는 좀,빵은 소소 분위기나 주차는 좀,"빵,은,소소,분위기,나,주차,는,좀"
옥,5,항상 라라브레드에 가면 브런치로 파스타랑 오픈샌드위치 흑임자라떼를 뿌시고 빵을 한아름 사서 옵니다 카야잼 들어간 빵이 없어져서 아쉬워요,항상 라라 브레드에 가면 브런치로 파스타랑 오픈샌드위치 흑임자 라테를 부수고 빵을 한 아름 사서 옵니다 카야 잼 들어간 빵이 없어져서 아쉬워요,"항상,라라,브레드,에,가,면,브런치,로,파스타,랑,오픈,샌드위치,흑임자,라테,를,부수,고,빵,을,한,아름,사,서,옵니다,카,야,잼,들어간,빵,이,없,어,져서,아쉬워,요"
ㅇ그냥ㅇ,2,그냥그래요,그냥 그래요,"그냥,그래요"
금빛 츄츄,4,빵이 맛있어요,빵이 맛있어요,"빵,이,맛있,어요"
커피감성맘,3,주차 놉 존,주차 놉 존,"주차,놉,존"
tnwls9564,4,진짜 맛있는데 사람이 너무 많아용,진짜 맛있는데 사람이 너무 많아요,"진짜,맛있,는데,사람,이,너무,많,아요"
Collector12,3,빵은 정말 맛있는데 진열되어있는 베이커리들 위에 비닐이라도 씌워뒀으면 하는 바람이 있습니다 시국이 시국인지라 구매하면서도 어딘가 꺼림직한 마음은 어쩔 수가 없네요,빵은 정말 맛있는데 진열되어있는 베이커리들 위에 비닐이라도 씌워뒀으면 하는 바람이 있습니다 시국이 시국인지라 구매하면서도 어딘가 꺼림직한 마음은 어쩔 수가 없네요,"빵,은,정말,맛있,는데,진열,되,어,있,는,베이커리,들,위,에,비닐,이,라도,씌워,뒀으면,하,는,바람,이,있,습니다,시국,이,시국,인지라,구매,하,면서,도,어딘가,꺼림직,한,마음,은,어쩔,수,가,없,네요"
헤롱이,5,옆에 철길도 있고 분위기도 좋은데 빵맛도 굳,옆에 철길도 있고 분위기도 좋은데 빵 맛도 굿,"옆,에,철길,도,있,고,분위기,도,좋,은데,빵,맛,도,굿"
Live,5,마늘바게뜨 진짜 맛있어요,마늘 바게트 진짜 맛있어요,"마늘,바게트,진짜,맛있,어요"
gkfla21,4.5,빵이 다 맛있어보여요,빵이 다 맛있어 보여요,"빵,이,다,맛있,어,보여요"
별삐,5,식사빵류가 맛있어요 사람이 많아서 주말 오후에는 자리가 없을것같아요,식사 빵류가 맛있어요 사람이 많아서 주말 오후에는 자리가 없을 것 같아요,"식사,빵,류,가,맛있,어요,사람,이,많,아서,주말,오후,에,는,자리,가,없,을,것,같,아요"
kyo****,5,뻥맛과 커피맛 최고,뻥 맛과 커피 맛 최고,"뻥,맛,과,커피,맛,최고"
칠봉,5,사람이 너무 많았지만 빵 종류도 많고 맛있어요 ,사람이 너무 많았지만 빵 종류도 많고 맛있어요 ,"사람,이,너무,많,았,지만,빵,종류,도,많,고,맛있,어요"
아프로,5,굿,굿,굿
rlatjddla123,4,맛있는데 자리가 불편해요,맛있는데 자리가 불편해요,"맛있,는데,자리,가,불편,해요"
미미,4,샐러드맛있어요 파스타는 쏘쏘,샐러드 맛있어요 파스타는 쏘 쏘,"샐러드,맛있,어요,파스타,는,쏘,쏘"
kyo****,5,빵 너무맛있어요,빵 너무 맛있어요,"빵,너무,맛있,어요"
gdlgy,4,예뻐요,예뻐요,예뻐요
헤헷,3.5,소소,소소,소소
sunna333,5,빵 종류도 많고 좋아요,빵 종류도 많고 좋아요,"빵,종류,도,많,고,좋,아요"
산수국,5,맛있고 분위기 좋아요,맛있고 분위기 좋아요,"맛있,고,분위기,좋,아요"
내T,4.5,두번째 방문이에요 ,두 번째 방문이에요 ,"두,번,째,방문,이,에요"
금빛 츄츄,3,파스타 생각보다 별로얐어요 엘레베이터 없어서 매우 불편합니다,파스타 생각보다 별로얐어요 엘리베이터 없어서 매우 불편합니다,"파스타,생각,보다,별로,얐,어요,엘리베이터,없,어서,매우,불편,합니다"
구루미,5,다양하고 맛있는 빵들이 가득 핸드크림 처럼 팔고 있는 다양한 잼들도 좋았네요 숟가락 없이도 짜먹을 수 있어서 더 좋아요,다양하고 맛있는 빵들이 가득 핸드크림처럼 팔고 있는 다양한 잼들도 좋았네요 숟가락 없이도 짜먹을 수 있어서 더 좋아요,"다양,하,고,맛있,는,빵,들,이,가득,핸드크림,처럼,팔,고,있,는,다양,한,잼,들,도,좋,았,네요,숟가락,없이,도,짜,먹,을,수,있,어서,더,좋,아요"
맥반석,5,맛도 좋고 분위기도 좋아요옹,맛도 좋고 분위기도 좋아요 왕,"맛,도,좋,고,분위기,도,좋,아요,왕"
규방럽,5,맛나요,맛나요,"맛나,요"
man****,4,커피와빵,커피와 빵,"커피,와,빵"
세열정,5,매장은 어느시간때나 항상 사람이 많아서 테이블잡기가 어려움,매장은 어느 시간 때나 항상 사람이 많아서 테이블 잡기가 어려움,"매장,은,어느,시간,때,나,항상,사람,이,많,아서,테이블,잡,기,가,어려움"
띠로리,4.5,라라브레드 브런치강추 콥샐러드 짱짱맛,라라 브레드 브런치 강추 콥 샐러드 짱짱 맛,"라라,브레드,브런치,강추,콥,샐러드,짱짱,맛"
캬캬,4,빵 종류 많아요 포장 꼼꼼히 해주십니다,빵 종류 많아요 포장 꼼꼼히 해주십니다,"빵,종류,많,아요,포장,꼼꼼히,해,주,십니다"
은술이,3.5,맛있는데 비싸네요,맛있는데 비싸네요,"맛있,는,데,비싸,네요"
매일스마일,3.5,맛있어요 브런치 굿,맛있어요 브런치 굿,"맛있,어요,브런치,굿"
김수빈,5,최고,최고,최고
air****,5,맛나요,맛나요,"맛나,요"
미카엘라,5,맛있어요,맛있어요,"맛있,어요"
karakal,5,맛있어요,맛있어요,"맛있,어요"
abtlfks,5,카페 이름,카페 이름,"카페,이름"
빵야빵야,3,주말에 가면 사람 너무 많고 음식 30분이상 기다려야해요,주말에 가면 사람 너무 많고 음식 30분 이상 기다려야 해요,"주말,에,가,면,사람,너무,많,고,음식,30,분,이상,기다려야,해요"
모찌,3,출입구랑 가까운 곳에 노출되어 있어 미세먼지 좀 찝찝해요,출입구랑 가까운 곳에 노출되어 있어 미세먼지 좀 찝찝해요,"출입구,랑,가까운,곳,에,노출,되,어,있,어,미세먼지,좀,찝찝,해요"
ㅡ3ㅡ,4,빵은 1층에서 받고 2층에서 음료를 받는 방식이였는데 누락되어서 조금 오래걸렸습니다 그래도 팡도르는 꼭 먹으세요 크림 지인짜 부드러워요,빵은 1층에서 받고 2층에서 음료를 받는 방식이었는데 누락되어서 조금 오래 걸렸습니다 그래도 팡도 이르는 꼭 먹으세요 크림 진짜 부드러워요,"빵,은,1,층,에서,받,고,2,층,에서,음료,를,받,는,방식,이,었,는데,누락,되,어서,조금,오래,걸렸,습니다,그래도,팡,도,이르,는,꼭,먹,으세요,크림,진짜,부드러워,요"
낭만고양희,4.5,맛나긴한데 메뉴마다 좀 달라요,맛나긴 한데 메뉴마다 좀 달라요,"맛나,긴,한데,메뉴,마다,좀,달라요"
드럼좋아,4.5,공릉동 맛있는 빵집 추천,공릉동 맛있는 빵집 추천,"공릉동,맛있,는,빵집,추천"
뚱은이,5,모짜토마토 파니니 계속 생각나서 또 왔어요,모자 토마토 파니니 계속 생각나서 또 왔어요,"모자,토마토,파니니,계속,생각나,서,또,왔어요"
이소야 아야카,3.5,맛있어요 카페와 브런치에 좋아요,맛있어요 카페와 브런치에 좋아요,"맛있,어요,카페,와,브런치,에,좋,아요"
순간을소중히,4,저녁에 가니 빵이 많이 없어서 아쉬웠구용 수다수다하기 좋았어요,저녁에 가니 빵이 많이 없어서 아쉬웠고요 수다 수다하기 좋았어요,"저녁,에,가,니,빵,이,많이,없,어서,아쉬웠,고요,수다,수다,하,기,좋,았,어요"
kris,4.5,맛남 브런치에 적합,맛남 브런치에 적합,"맛,남,브런치,에,적합"
rla****,5,맛있어요,맛있어요,"맛있,어요"
inhwa,5,빵 너무 맛있어요,빵 너무 맛있어요,"빵,너무,맛있,어요"
lum****,3.5,피자에 딸기에 그닥 별로 맛임 지중해파스타는 짱,피자에 딸기에 그다지 별로 맛임 지중 해파 스타는 짱,"피자,에,딸기,에,그다지,별로,맛,임,지중,해파,스타,는,짱"
MOON,5,맛잇다용,맛인 다용,"맛,인,다용"
영이,5,맛있어요 주변에 산책하기도 좋고 가게가 예쁘네요,맛있어요 주변에 산책하기도 좋고 가게가 예쁘네요,"맛있,어요,주변,에,산책,하,기,도,좋,고,가게,가,예쁘,네요"
요염,3.5,기대보다는 약간 아쉽지만 충분히 한번쯤 가깝다면 여러번 갈만한곳 ,기대보다는 약간 아쉽지만 충분히 한 번쯤 가깝다면 여러 번 갈만한 곳,"기대,보다,는,약간,아쉽,지만,충분히,한,번,쯤,가깝,다면,여러,번,갈만,한,곳"
leejj,5,맛있어요,맛있어요,"맛있,어요"
youndream,4,빵 맛있어요 주차가 안되서 아쉬워요,빵 맛있어요 주차가 안돼서 아쉬워요,"빵,맛있,어요,주차,가,안,돼서,아쉬워,요"
로쥬,5,좋아요,좋아요,"좋,아요"
수현모친,4,아메랑 빵 맛나요,아메랑 빵 맛나요,"아메,랑,빵,맛나,요"
매일스마일,3,굿,굿,굿
이은경,4,늦은 시간 방문인데도 빵이 꽤있었음 친절한편 근데 계산이 참 느렸음 그리고 앙버터맛은 기대이하,늦은 시간 방문인데도 빵이 꽤 있었음 친절한 편 근데 계산이 참 느렸음 그리고 앙버터 맛은 기대 이하,"늦,은,시간,방문,인데,도,빵,이,꽤,있,었,음,친절,한,편,근데,계산,이,참,느렸,음,그리고,앙,버터,맛,은,기대,이하"
밥풀,4,맛나요,맛나요,"맛나,요"
베아트리체,4,빵이 맛있어요 근데 사람이 너무 많아서 복잡해요 제가 아보카도는 별로 안 좋아해서 아보카도 새우의 역습은 별로였고 불닭 로제 파스타는 맛있었어용,빵이 맛있어요 근데 사람이 너무 많아서 복잡해요 제가 아보카도는 별로 안 좋아해서 아보카도 새우의 역습은 별로였고 불닭 로제 파스타는 맛있었어요,"빵,이,맛있,어요,근데,사람,이,너무,많,아서,복잡,해요,제,가,아보카도,는,별로,안,좋,아,해서,아보카도,새우,의,역습,은,별로,였,고,불닭,로제,파스타,는,맛있,었,어요"
ppindori,5,빵도 파스타도 모든게 굿,빵도 파스타도 모든 게 굿,"빵,도,파스타,도,모든,게,굿"
Hmj66,1,주말에 사람만석인데 테이블이 너무 다닥다닥 붙어 있어서 답답해요 브런치메뉴도 한 시간 걸려서 나온다고 해서 커피 먼저 달라고 부탁하니 커피도 30분만에 나왔어요 에그미트샌드위치와 살라미파니니는 너무 느끼한 맛이 강했어요 직원분들도 손님이 많아서 그런지 몰라도 접객하시는 말투나 태도가 짜증섞이고 건성건성이신것 같네요,주말에 사람 만석인데 테이블이 너무 다닥다닥 붙어 있어서 답답해요 브런치 메뉴도 한 시간 걸려서 나온다고 해서 커피 먼저 달라고 부탁하니 커피도 30분 만에 나왔어요 에그 미트 샌드위치와 살라미 파니니는 너무 느끼한 맛이 강했어요 직원분들도 손님이 많아서 그런지 몰라도 접객하시는 말투나 태도가 짜증 섞이고 건성건성이신 것 같네요,"주말,에,사람,만석,인데,테이블,이,너무,다닥다닥,붙,어,있,어서,답답,해요,브런치,메뉴,도,한,시간,걸려서,나온다고,해서,커피,먼저,달,라고,부탁,하,니,커피,도,30,분,만,에,나왔,어요,에,그,미트,샌드위치,와,살라미,파니니,는,너무,느끼,한,맛,이,강했,어요,직원,분,들,도,손,님,이,많,아서,그런지,몰라도,접객,하,시,는,말투,나,태도,가,짜증,섞이,고,건성건성,이,신,것,같,네요"
피피,3.5,맛있어요 ,맛있어요 ,"맛있,어요"
아침햇살,4,좋아요,좋아요,"좋,아요"
아루,0.5,빵은 맛있는데 파스타 샌드위치는 정말 별로였어요 짜고 맛없고 비추입니다 에어컨 온도 내려달라했는데 다 먹고 가려니깐내려주시더라고요 직원분들 태도가 좀 별로였네요 ,빵은 맛있는데 파스타 샌드위치는 정말 별로였어요 짜고 맛없고 비추입니다 에어컨 온도 내려달라 했는데 다 먹고 가려니 깐 내려주시더라고요 직원분들 태도가 좀 별로였네요 ,"빵,은,맛있,는데,파스타,샌드위치,는,정말,별로,였,어요,짜,고,맛없,고,비추,입니다,에어컨,온도,내려,달,라,했,는데,다,먹,고,가,려니,깐,내려,주,시,더라고요,직원,분,들,태도,가,좀,별로,였,네요"
qhq****,4,기찻길 산책나가면 자주 들리는 빵집,기찻길 산책 나가면 자주 들리는 빵집,"기찻길,산책,나가,면,자주,들리,는,빵집"
ANNE,5,맛있어요,맛있어요,"맛있,어요"
마숑숑,4,자리간 간격이 조금만 더 넓어도 쾌적할 것 같아요 음식맛은 괜찮음 ,자리 간 간격이 조금만 더 넓어도 쾌적할 것 같아요 음식 맛은 괜찮음 ,"자리,간,간격,이,조금,만,더,넓,어도,쾌적,할,것,같,아요,음식,맛,은,괜찮,음"
dld****,4.5,조항요,조항요,"조항,요"
룰루루,5,항상 맛있어요,항상 맛있어요,"항상,맛있,어요"
s_s****,4,빵 진짜 맛있더라구요 다만 저에겐 꽤 달았어요 조금만 더 담백하면 좋을 것 같아요,빵 진짜 맛있더라고요 다만 저에겐 꽤 달았어요 조금만 더 담백하면 좋을 것 같아요,"빵,진짜,맛있,더라고요,다만,저,에겐,꽤,달,았,어요,조금,만,더,담백,하,면,좋,을,것,같,아요"
푸른하늘,5,빵 너무 맛있어요 또 가고싶을만큼,빵 너무 맛있어요 또 가고 싶을 만큼,"빵,너무,맛있,어요,또,가,고,싶,을,만큼"
푸른하늘,5,한번 먹어보면 또 생각나는 빵집 너무 달지 않고 맛있어요,한번 먹어보면 또 생각나는 빵집 너무 달지 않고 맛있어요,"한,번,먹,어,보,면,또,생각나,는,빵집,너무,달,지,않,고,맛있,어요"
haha,4.5,프레첼 넘 맛있어요,프레첼 너무 맛있어요,"프레첼,너무,맛있,어요"
반트호프,5,마늘 바게트가 맛 좋아요,마늘 바게트가 맛 좋아요,"마늘,바게트,가,맛,좋,아요"
미스,5,믿고 먹는 곳 빵이 다 맛있어요,믿고 먹는 곳 빵이 다 맛있어요,"믿,고,먹,는,곳,빵,이,다,맛있,어요"
rulru,5,맛있어요 추천추천요,맛있어요 추천 추천요,"맛있,어요,추천,추천요"
프링글스,5,카페 이름,카페 이름,"카페,이름"
왕눈이,5,강추입니다,강추입니다,"강추,입니다"
추이엄마,5,여기 빵 맛나요 배달도 빠르고 서비스도 주고 쵝오 라라브레드,여기 빵 맛나요 배달도 빠르고 서비스도 주고 최고 라라 브레드,"여기,빵,맛나,요,배달,도,빠르,고,서비스,도,주,고,최고,라라,브레드"
꾸루언니,5,빵맛집,빵 맛 집,"빵,맛,집"
꼬꼬맹,4,가격은  하지만 맛있어요 2층 카페직원은 응대별로,가격은  하지만 맛있어요 2층 카페 직원은 응대별로,"가격,은,하지만,맛있,어요,2,층,카페,직원,은,응대,별,로"
승지,4,맛있어요 매장예뻐요,맛있어요 매장 예뻐요,"맛있,어요,매장,예뻐요"
아카페라,5,앙버터 맛있어요,앙버터 맛있어요,"앙,버터,맛있,어요"
드럼좋아,5,빵 완전 맛있어요 추천추천,빵 정말 맛있어요 추천 추천,"빵,정말,맛있,어요,추천,추천"
김혜원,5,빵이 맛있어요,빵이 맛있어요,"빵,이,맛있,어요"
드림하이,4,맛있는 빵,맛있는 빵,"맛있,는,빵"
hee****,5,가격대가 있어서 자주는 못 먹지만 요즘 배달로 지친 맘 달래고 있어요,가격대가 있어서 자주는 못 먹지만 요즘 배달로 지친 맘 달래고 있어요,"가격대,가,있,어서,자주,는,못,먹,지만,요즘,배달,로,지친,맘,달래,고,있,어요"
공삼이,5,드뎌 파스타 먹었어요 듣던대로 맛있었어요,드디어 파스타 먹었어요 듣던 대로 맛있었어요,"드디어,파스타,먹,었,어요,듣,던,대로,맛있,었,어요"
oatmeal,5,공릉동빵맛집라라브레드,공릉동 빵 맛 집 라라 브레드,"공릉동,빵,맛,집,라라,브레드"
Sohappy,4,깨끗하진않아서 아쉬워요 ,깨끗하진 않아서 아쉬워요 ,"깨끗,하,진,않,아서,아쉬워,요"
오레오,5,맛있고 카페 예뻐요,맛있고 카페 예뻐요,"맛있,고,카페,예뻐요"
세열정,5,평일에 방문 평일에도 사람이 있는편 매장 들어가자 마자 손소독제가 있고 1층 빵고르는 매장은 작은편이라 2m이상 거리두기는 불가,평일에 방문 평일에도 사람이 있는 편 매장 들어가자마자 손소독제가 있고 1층 빵 고르는 매장은 작은 편이라 2m 이상 거리두기는 불가,"평일,에,방문,평일,에,도,사람,이,있,는,편,매장,들어가,자마자,손소,독제,가,있,고,1,층,빵,고르,는,매장,은,작,은,편,이,라,2,m,이상,거리,두,기,는,불가"
승지,5,쫄깃하고맛있어요 빵맛있어요 카페도이쁘고요,쫄깃하고 맛있어요 빵맛있어요 카페도 이쁘고요,"쫄깃,하,고,맛있,어요,빵,맛있,어요,카페,도,이쁘,고요"
멸치김밥,4,좋아영,좋아요,"좋,아요"
공삼이,4,take out으로만 이용하게되네요 매번 들르면 빈자리가 없어서리  담엔 꼭 매장에서 맛있는 음식 먹을수 있는 행운이 있길 바라며번창하세요,take out으로만 이용하게 되네요 매번 들르면 빈자리가 없어서  담엔 꼭 매장에서 맛있는 음식 먹을 수 있는 행운이 있길 바라며 번창하세요,"take,out,으로,만,이용,하,게,되,네요,매번,들르,면,빈자리,가,없,어서,담,엔,꼭,매장,에서,맛있,는,음식,먹,을,수,있,는,행운,이,있,길,바라,며,번창,하,세요"
다아아,4,빵 맛있네용 유명해서 그런지 사람이 너무 많았아요,빵 맛있네요 유명해서 그런지 사람이 너무 많았아요,"빵,맛있,네요,유명,해서,그런지,사람,이,너무,많,았,아요"
세열정,5,21시전에 방문 앙버터가 딱 1개 남아 간신히 겟 뺑오 쇼콜라도 초코가 입에서 사르르 녹아 맛있음,21시 전에 방문 앙버터가 딱 1개 남아 간신히 겟 뺑이 쇼콜라도 초코가 입에서 사르르 녹아 맛있음,"21,시,전,에,방문,앙,버터,가,딱,1,개,남,아,간신히,겟,뺑,이,쇼콜라,도,초코,가,입,에서,사르르,녹,아,맛있,음"
wjs****,4,공릉 빵 맛집입니다,공릉 빵 맛 집입니다,"공릉,빵,맛,집,입니다"
디여니,5,대박맛있어요빵,대박 맛있어요 빵,"대박,맛있,어요,빵"
디여니,4,맛있어요  점심시간 맞춰가지마시고 더일찍가면 좋은자리에서 식사하실수있을거같아요직원분들도 다친절하고 좋아요,맛있어요  점심시간 맞춰가지 마시고 더 일찍 가면 좋은 자리에서 식사하실 수 있을 거 같아요 직원분들도 다 친절하고 좋아요,"맛있,어요,점심,시간,맞춰,가지,마시,고,더,일찍,가,면,좋,은,자리,에서,식사,하,실,수,있,을,거,같,아요,직원,분,들,도,다,친절,하,고,좋,아요"
흑엽,4,고구마빵은 꼭 먹어야한다,고구마빵은 꼭 먹어야 한다,"고구마,빵,은,꼭,먹,어야,한다"
냥냥고양,5,양도많고 맛있어요,양도 많고 맛있어요,"양,도,많,고,맛있,어요"
뼛속까지회사원,4,라라브레드공릉점 오랜만에 방문했는데 여전히 사람이 많군요 빵 맛집 노원서 빵 젤로 맛있는 곳,라라 브레드 공릉점 오랜만에 방문했는데 여전히 사람이 많군요 빵 맛집 노원서 빵 젤로 맛있는 곳,"라라,브레드,공릉,점,오랜만,에,방문,했,는데,여전히,사람,이,많,군요,빵,맛집,노원,서,빵,젤,로,맛있,는,곳"
세열정,4,배달도 가능해요 배달시에는 매장에서 사는 가격보다 조금 비싸고 배달료도 추가되요 그래도 요즘 같은 시국에 사람많은곳에서 줄서는것보다 비용을 지불하는것도 나쁘지않아요,배달도 가능해요 배달 시에는 매장에서 사는 가격보다 조금 비싸고 배달료도 추가돼요 그래도 요즘 같은 시국에 사람 많은 곳에서 줄 서는 것보다 비용을 지불하는 것도 나쁘지 않아요,"배달,도,가능,해요,배달,시,에,는,매장,에서,사,는,가격,보다,조금,비싸,고,배,달료,도,추가,돼요,그래도,요즘,같,은,시국,에,사람,많,은,곳,에서,줄,서,는,것,보다,비용,을,지불,하,는,것,도,나쁘,지,않,아요"
Cysl,5,여기 브런치 너무 맛있어요 빵도 맛있고,여기 브런치 너무 맛있어요 빵도 맛있고,"여기,브런치,너무,맛있,어요,빵,도,맛있,고"
7sw****,5,가격이 있지만 맛은있네요,가격이 있지만 맛은 있네요,"가격,이,있,지만,맛,은,있,네요"
세열정,4,주말에 방문사람이 많고 매장에 들어가기 위해서 대기줄에서 순서를 기다렸습니다 빵이 나오는걸 기다렸고 포장이 조금 느린편이였습니다 시간적 여유를 가지고 방문하는것이 좋습니다,주말에 방문 사람이 많고 매장에 들어가기 위해서 대기 줄어서 순서를 기다렸습니다 빵이 나오는 걸 기다렸고 포장이 조금 느린 편이었습니다 시간적 여유를 가지고 방문하는 것이 좋습니다,"주말,에,방문,사람,이,많,고,매장,에,들어가,기,위해서,대,기,줄,어서,순서,를,기다렸,습니다,빵,이,나오,는,걸,기다렸,고,포장,이,조금,느린,편,이,었,습니다,시간,적,여유,를,가지,고,방문,하,는,것,이,좋,습니다"
자스민,4,딸기 따르트랑 파스타 맛있어요 가격은 좀 비싸고 사람은 많아요,딸기 따른 트랑 파스타 맛있어요 가격은 좀 비싸고 사람은 많아요,"딸기,따른,트,랑,파스타,맛있,어요,가격,은,좀,비싸,고,사람,은,많,아요"
에그타르트,4,건물도 예쁘고 빵도 맛있어요,건물도 예쁘고 빵도 맛있어요,"건물,도,예쁘,고,빵,도,맛있,어요"
슝슝팍팍,5,언제나가성비 만족,언제 내가 성비 만족,"언제,내,가,성비,만족"
윤수영,5,가격대비 빵맛이 좋아요,가격 대비 빵 맛이 좋아요,"가격,대비,빵,맛,이,좋,아요"
왕이뿐이,4,분위기 좋고 맛도 좋아서 또 방문했네요,분위기 좋고 맛도 좋아서 또 방문했네요,"분위기,좋,고,맛,도,좋,아서,또,방문,했,네요"
월향,5,맨날 가능 공릉동 핫플,맨날 가능 공릉동 핫 플,"맨날,가능,공릉동,핫,플"
sssuk,5,인테리어도 이쁘고 빵도 커피도 맛남 색칠공부도 할 수 있는 카페,인테리어도 이쁘고 빵도 커피도 맛남 색칠공부도 할 수 있는 카페,"인테리어,도,이쁘,고,빵,도,커피,도,맛,남,색칠,공부,도,할,수,있,는,카페"
Sharon kang,4.5,빵이 비싼 감은 있지만 그만큼 맛있어요,빵이 비싼 감은 있지만 그만큼 맛있어요,"빵,이,비싼,감,은,있,지만,그만큼,맛있,어요"
Stella,3,생각보다 빵 종류가 많지 않아서 조금 아쉬웠어요 리얼고구마랑 뉴욕치즈페스츄리 구매했구요 맛은 쏘쏘,생각보다 빵 종류가 많지 않아서 조금 아쉬웠어요 리얼 고구마랑 뉴욕치즈 페이스트리 구매했고요 맛은 쏘 쏘,"생각,보다,빵,종류,가,많,지,않,아서,조금,아쉬웠,어요,리얼,고구마,랑,뉴욕,치즈,페이스트리,구매,했,고,요,맛,은,쏘,쏘"
조이든,4,샘플 잼이 비치 되어 있어서 먹어볼 수 있는게 참 좋습니다,샘플 잼이 비치되어 있어서 먹어볼 수 있는 게 참 좋습니다,"샘플,잼,이,비치,되,어,있,어서,먹,어,볼,수,있,는,게,참,좋,습니다"
유유자적,4,빵이 맛있어요 가격대도 괜찮은 편이에요 커피는 그냥그냥,빵이 맛있어요 가격대도 괜찮은 편이에요 커피는 그냥 그냥,"빵,이,맛있,어요,가격대,도,괜찮,은,편,이,에요,커피,는,그냥,그냥"
ahf****,5,빵 말 필요x 완맛입니다 대표자가 강호동님 이시군뇨 감사합니다,빵 말 필요 x 와는 맛입니다 대표자가 강호동 님 이시군요 감사합니다,"빵,말,필요,x,와,는,맛,입니다,대표자,가,강호동,님,이,시,군요,감사,합니다"
롤,5,정말 맛있어요 다음에 또 올게요 사장님,정말 맛있어요 다음에 또 올게요 사장님,"정말,맛있,어요,다음,에,또,올게요,사장,님"
게,4,사람이 많아서 계산대가 혼잡해요 그래도 빵은 다 맛있어요3,사람이 많아서 계산대가 혼잡해요 그래도 빵은 다 맛있어요 3,"사람,이,많,아서,계산대,가,혼잡,해요,그래도,빵,은,다,맛있,어요,3"
혀니,4,맛있어요 자리도 많은 편인데 사람이 많아 협소하게 느껴져요,맛있어요 자리도 많은 편인데 사람이 많아 협소하게 느껴져요,"맛있,어요,자리,도,많,은,편,인데,사람,이,많,아,협소,하,게,느껴져요"
lkm****,5,너무 좋아요,너무 좋아요,"너무,좋,아요"
호밍밍,5,너무 좋아요,너무 좋아요,"너무,좋,아요"
dlt****,5,라라브래드 맛나요옹,라라 브래드 맛나요 왕,"라라,브래드,맛나,요,왕"
SophiA,4,사람이 많아서 조금 시끄럽긴하지만 음식맛도 좋고 이여기나누기 좋은공간이에요,사람이 많아서 조금 시끄럽긴 하지만 음식 맛도 좋고 이 여기 나누기 좋은 공간이에요,"사람,이,많,아서,조금,시끄럽,긴,하,지만,음식,맛,도,좋,고,이,여기,나누,기,좋,은,공간,이,에요"
펩시G,5,굿,굿,굿
구리구리,4,좋아요,좋아요,"좋,아요"
uji****,5,좋아요,좋아요,"좋,아요"
이쁜공주,5,좋아요,좋아요,"좋,아요"
별사탕,5,빵맛나요,빵 맛나요,"빵,맛나,요"
리리맘,4,브런치도 빵도 맛있지만 빵굽는 냄새를 맡고 있기가 불편했어요,브런치도 빵도 맛있지만 빵 굽는 냄새를 맡고 있기가 불편했어요,"브런치,도,빵,도,맛있,지만,빵,굽,는,냄새,를,맡,고,있,기,가,불편,했어요"
봉봄,4,처음 방문했는데 찾는빵이 없어서 대신먹은리얼고구마 달지않고 좋았어요,처음 방문했는데 찾는 빵이 없어서 대신 먹은 리얼 고구마 달지 않고 좋았어요,"처음,방문,했,는데,찾,는,빵,이,없,어서,대신,먹,은,리얼,고구마,달,지,않,고,좋,았,어요"
kos****,4,빵도 브런치도 맛있었으나 직원이 불친절해서 별하나빼요,빵도 브런치도 맛있었으나 직원이 불친절해서 별 하나 빼요,"빵,도,브런치,도,맛있,었,으나,직원,이,불친절,해서,별,하나,빼,요"
송이밀크,5,건물이 높은거치고는 좌석이 적어요 빵 진짜맛나다,건물이 높은 거치고는 좌석이 적어요 빵 진짜 맛나다,"건물,이,높,은,거,치,고,는,좌석,이,적,어요,빵,진짜,맛나,다"
jeje,5,빵 대박 맛집임,빵 대박 맛 집임,"빵,대박,맛,집,임"
지현,5,굳굳,굿굿,"굿,굿"
귀요미,4,정신없네요너무 좁아요,정신없네요 너무 좁아요,"정신없,네요,너무,좁,아요"
rom****,4,커피랑 빵은 맛있네요 다만 공간이 생각보다 좁은 점이 아쉬웠어요,커피랑 빵은 맛있네요 다만 공간이 생각보다 좁은 점이 아쉬웠어요,"커피,랑,빵,은,맛있,네요,다만,공간,이,생각,보다,좁,은,점,이,아쉬웠,어요"
한량,3,보통의 맛,보통의 맛,"보통,의,맛"
han****,5,갈때마다 실망하지 않는 곳이에요 ,갈 때마다 실망하지 않는 곳이에요 ,"갈,때,마다,실망,하,지,않,는,곳,이,에요"
당근,4,브런치 2인세트 맛나요 수다 떨기 좋음  다음엔 빵 도전해봐야겠어요,브런치 2인 세트 맛나요 수다 떨기 좋음  다음엔 빵 도전해봐야겠어요,"브런치,2,인,세트,맛나,요,수다,떨기,좋,음,다음,엔,빵,도전,해봐야,겠,어요"
또잉,3,사람이 너무 많고 매장이 협소해요 2층에서 직접 음식을 픽업해야하는게 참 불퍈했네요 음식은 먹을만했어요,사람이 너무 많고 매장이 협소해요 2층에서 직접 음식을 픽업해야 하는 게 참 불편했네요 음식은 먹을만했어요,"사람,이,너무,많,고,매장,이,협소,해요,2,층,에서,직접,음식,을,픽업,해야,하,는,게,참,불편,했,네요,음식,은,먹,을,만,했어요"
seo****,3,콜,콜,콜
쿄우,3,맛은 있지만 일이주전쯤 방문했을때 같은 메뉴였는데 그 사이에 샐러드 양이 줄어서 아쉬웠다,맛은 있지만 일이 주 전쯤 방문했을 때 같은 메뉴였는데 그 사이에 샐러드 양이 줄어서 아쉬웠다,"맛,은,있,지만,일,이,주,전,쯤,방문,했,을,때,같,은,메뉴,였,는데,그,사이,에,샐러드,양,이,줄,어서,아쉬웠,다"
흑엽,4,쫄깃식빵은 생각보단 덜 쫄깃하다 연유버터프레첼은 버터프레첼치곤 단 맛이 강하다 연유치즈바게트는 단짠의 정석 리얼고구마는 쫄깃한 찹쌀빵 안에 진짜 고구마가 들어서 맛있다,쫄깃 식빵은 생각보단 덜 쫄깃하다 연유 버터 프레첼은 버터 프레첼치곤 단 맛이 강하다 연유 치즈 바게트는 단짠의 정석 리얼 고구마는 쫄깃한 찹쌀 빵 안에 진짜 고구마가 들어서 맛있다,"쫄깃,식빵,은,생각,보단,덜,쫄깃,하,다,연유,버터,프레첼,은,버터,프레첼,치곤,단,맛,이,강하,다,연유,치즈,바게트,는,단,짠,의,정석,리얼,고구마,는,쫄깃,한,찹쌀,빵,안,에,진짜,고구마,가,들,어서,맛있,다"
쿄우,4,빵도 커피도 맛있다 만족스러운 동네 빵집,빵도 커피도 맛있다 만족스러운 동네 빵집,"빵,도,커피,도,맛있,다,만족,스러운,동네,빵집"
중국어 강사,4,맛있어요,맛있어요,"맛있,어요"
달님,4,맛나요,맛나요,"맛나,요"
엘리,4,좋아여,좋아요,"좋,아요"
차차,5,뺑오쇼콜라 맛있음,뺑 오 쇼콜라 맛있음,"뺑,오,쇼콜라,맛있,음"
팅팅,5,재료 싱싱하고 양도 푸짐하고 맛도 최곱니다,재료 싱싱하고 양도 푸짐하고 맛도 최곱니다,"재료,싱싱,하,고,양,도,푸짐,하,고,맛,도,최,곱,니다"
younggilgo,5,굿,굿,굿
쿵이,5,맛있는 브런치카페 라라브레드 공트럴파크 공리단길 경춘선 숲길로 불리는 길을 따라 걸으면 나와요 공릉점이 생겨서 넘 좋아요 건물 1층에서 빵 주문하고 2층에서 음료등 픽업 3층 4층에 테이블이 준비되어있어요 빵도 맛있고 분위기도 좋은 카페에요,맛있는 브런치 카페 라라 브레드 공트럴파크 경리단길 경춘선 숲길로 불리는 길을 따라 걸으면 나와요 공릉점이 생겨서 너무 좋아요 건물 1층에서 빵 주문하고 2층에서 음료 등 픽업 3층 4층에 테이블이 준비되어있어요 빵도 맛있고 분위기도 좋은 카페에요,"맛있,는,브런치,카페,라라,브레드,공트,럴파크,경리,단,길,경춘선,숲길,로,불리,는,길,을,따라,걸으면,나와요,공릉,점,이,생겨서,너무,좋,아요,건물,1,층,에서,빵,주문,하,고,2,층,에서,음료,등,픽업,3,층,4,층,에,테이블,이,준비,되,어,있,어요,빵,도,맛있,고,분위기,도,좋,은,카페,에,요"
주성주,4,계란품은 베이컨 메뉴를 먹었습니다 아메리카노를 추가 주문했다면 더 좋은 브런치가 되었을것같네요 베이컨이 조금 느끼해서메뉴 자체는 풍성하고 좋았어요,계란 품은 베이컨 메뉴를 먹었습니다 아메리카노를 추가 주문했다면 더 좋은 브런치가 되었을 것 같네요 베이컨이 조금 느끼해서 메뉴 자체는 풍성하고 좋았어요,"계란,품,은,베이컨,메뉴,를,먹,었,습니다,아메리카노,를,추가,주문,했,다면,더,좋,은,브런치,가,되,었,을,것,같,네요,베이컨,이,조금,느끼,해서,메뉴,자체,는,풍성,하,고,좋,았,어요"
꼬꼬맹,4,비싸지만 맛있긴해요,비싸지만 맛있긴 해요,"비싸,지만,맛있,긴,해요"
다랑,5,계란품은 베이컨이랑 곤드레 어쩌구 파스타 먹었는데 샐러드는 계란이 2개 들어있었어요 원래 1개였던것 같은데 야호 파스타는 양이 엄청 많았습니다 라라브레드는 계란품은베이컨과 아보카도새우의역습이라면 언제나 실패안할수있어요,계란 품은 베이컨이랑 곤드레 어쩌고 파스타 먹었는데 샐러드는 계란이 2개 들어있었어요 원래 1개였던 것 같은데 야호 파스타는 양이 엄청 많았습니다 라라 브레드는 계란 품은 베이컨과 아보카도 새우의 역습이라면 언제나 실패 안 할 수 있어요,"계란,품,은,베이컨,이랑,곤드레,어쩌,고,파스타,먹,었,는데,샐러드,는,계란,이,2,개,들,어,있,었,어요,원래,1,개,였,던,것,같,은데,야호,파스타,는,양,이,엄청,많,았,습니다,라라,브레드,는,계란,품,은,베이컨,과,아보카도,새우,의,역습,이,라면,언제나,실패,안,할,수,있,어요"
다랑,5,지난번에 먹어봤었는데 맛있어서 재구매 식빵에 발라먹으면 마치 모카빵처럼 되요 은근히 맛있는맛,지난번에 먹어봤었는데 맛있어서 재구매 식빵에 발라먹으면 마치 모카빵처럼 돼요 은근히 맛있는 맛,"지난번,에,먹,어,봤었,는데,맛있,어서,재,구매,식빵,에,발라,먹,으면,마치,모카,빵,처럼,돼요,은근히,맛있,는,맛"
fre****,5,평일 11시에 갔는데도 사람이 제법 많았어요 분위기 예쁘고 음식도 맛있네요단 4층에 자리를 잡아서 주문하러 2층까지 오르락 내리락은 좀 불편했어요 그리고 맵지 않은거라 생각해서 주문한 음식에도 조금씩 매운맛이 있네요아이들 먹기엔 조금 매울 것 같아요 어쨌든 브런치 장소로는 강추입니다,평일 11시에 갔는데도 사람이 제법 많았어요 분위기 예쁘고 음식도 맛있네요 단 4층에 자리를 잡아서 주문하러 2층까지 오르락내리락은 좀 불편했어요 그리고 맵지 않은 거라 생각해서 주문한 음식에도 조금씩 매운맛이 있네요 아이들 먹기엔 조금 매울 것 같아요 어쨌든 브런치 장소로는 강추입니다,"평일,11,시,에,갔,는데,도,사람,이,제법,많,았,어요,분위기,예쁘,고,음식,도,맛있,네요,단,4,층,에,자리,를,잡,아서,주문,하,러,2,층,까지,오르락내리락,은,좀,불편,했,어요,그리고,맵,지,않,은,거,라,생각,해서,주문,한,음식,에,도,조금,씩,매운,맛,이,있,네요,아이,들,먹,기,엔,조금,매울,것,같,아요,어쨌든,브런치,장소,로,는,강추,입니다"
계프,5,근방에 카페가 많은데 이른 시간에 문 여는 곳은 드물더라고요 여긴 일찍 문열어서 좋습니다,근방에 카페가 많은데 이른 시간에 문 여는 곳은 드물더라고요 여긴 일찍 문 열어서 좋습니다,"근방,에,카페,가,많,은,데,이른,시간,에,문,여,는,곳,은,드물,더라고요,여긴,일찍,문,열,어서,좋,습니다"
빙그레 샛별,3,그닥,그다지,그다지
솜사탕,3,좋아요,좋아요,"좋,아요"
필기노트v,3,공간이 좁고 사람이 많아 복잡해요,공간이 좁고 사람이 많아 복잡해요,"공간,이,좁,고,사람,이,많,아,복잡,해요"
sal****,5,저희동네에서가까운라라브레드공릉점 입니다 소문난브런치카페에요,저희 동네에서 가까운 라라 브레드 공릉 점입니다 소문난 브런치 카페에요,"저희,동네,에서,가까운,라라,브레드,공릉,점,입니다,소문난,브런치,카페,에,요"
chere,4,빵은 진짜 맛있어요 파스타는 실망입니다,빵은 진짜 맛있어요 파스타는 실망입니다,"빵,은,진짜,맛있,어요,파스타,는,실망,입니다"
benzxme,4,사람이 많지만 금방 회전되어 자리 앉기 쉬움 2층 바형 테이블에서 혼빵 가능 맛은 비주얼만큼 뛰어남,사람이 많지만 금방 회전되어 자리 앉기 쉬움 2층 바형 테이블에서 혼방 가능 맛은 비주얼만큼 뛰어남,"사람,이,많,지만,금방,회전,되,어,자리,앉,기,쉬움,2,층,바,형,테이블,에서,혼방,가능,맛,은,비주얼,만큼,뛰어남"
자가용,4,잠실점 가보고 집주변에 생겨서 다녀왔어요 잠실보단 빵종류가 적은듯 합니다 매장은 안들려서 분위기는 모르겠어요  빵값은 역시나 비싼듯,잠실점 가보고 집주변에 생겨서 다녀왔어요 잠실보단 빵 종류가 적은듯합니다 매장은 안 들려서 분위기는 모르겠어요  빵값은 역시나 비싼 듯,"잠실,점,가,보,고,집,주변,에,생겨서,다녀왔,어요,잠실,보단,빵,종류,가,적,은,듯,합니다,매장,은,안,들려서,분위기,는,모르,겠,어요,빵,값,은,역시,나,비싼,듯"
yeryonyu,4,빵 맛있어요,빵 맛있어요,"빵,맛있,어요"
칠일삼,4,맛있고 빵 종류도 많아요,맛있고 빵 종류도 많아요,"맛있,고,빵,종류,도,많,아요"
Blacksheep,4,빵 맛있어요 브런치는 나중에 먹어보려구여,빵 맛있어요 브런치는 나중에 먹어보려고요,"빵,맛있,어요,브런치,는,나중,에,먹,어,보,려고요"
달빛향기,5,분위기 좋고 직원들 친절하고 넘 맛있어요,분위기 좋고 직원들 친절하고 너무 맛있어요,"분위기,좋,고,직원,들,친절,하,고,너무,맛있,어요"
hye6568,4,팡도르 샀어요,팡도르 샀어요,"팡,도르,샀어요"
유정,4,빵 가격대가 다 나가는 편이에요 개인적으로 처음 먹었을때는 진짜 맛있는데 제 기준 맛이 쎈 편이라 두번부터는 약간 물려요 하지만 늘 사람 많고 맛있긴 해요,빵 가격 대가다 나가는 편이에요 개인적으로 처음 먹었을 때는 진짜 맛있는데 제 기준 맛이 센 편이라 두 번부터는 약간 물려요 하지만 늘 사람 많고 맛있긴 해요,"빵,가격,대,가,다,나가,는,편,이,에요,개인,적,으로,처음,먹,었,을,때,는,진짜,맛있,는데,제,기준,맛,이,센,편,이,라,두,번,부터,는,약간,물려,요,하지만,늘,사람,많,고,맛있,긴,해요"
태미,4,전반적으로 빵을 공들여 만든 느낌이 난다 맛도 좋고 모양도 예쁘고 재료도 신경써서 맛낸 느낌 그만큼 가격이 좀 있는편,전반적으로 빵을 공들여 만든 느낌이 난다 맛도 좋고 모양도 예쁘고 재료도 신경 써서 맛 낸 느낌 그만큼 가격이 좀 있는 편,"전반,적,으로,빵,을,공들여,만든,느낌,이,난다,맛,도,좋,고,모양,도,예쁘,고,재료,도,신경,써서,맛,낸,느낌,그만큼,가격,이,좀,있,는,편"
JJONGJU,5,사람이 너무 많아서 좀 시끄럽지만 빵과 커피가 맛있다 샐러드나 브런치 메뉴들도 모두 맛있어보였다,사람이 너무 많아서 좀 시끄럽지만 빵과 커피가 맛있다 샐러드나 브런치 메뉴들도 모두 맛있어 보였다,"사람,이,너무,많,아서,좀,시끄럽,지만,빵,과,커피,가,맛있,다,샐러드,나,브런치,메뉴,들,도,모두,맛있,어,보였,다"
Pine Tree,5,지난번에 직원이 불친절했었는데 똑같은 분이 이번엔 친절해졌네요  살찔 재료를 아끼지 않은 풍성한 맛의 빵집이에용,지난번에 직원이 불친절했었는데 똑같은 분이 이번엔 친절해졌네요  살찔 재료를 아끼지 않은 풍성한 맛의 빵집이에요,"지난번,에,직원,이,불친절,했었,는데,똑같,은,분,이,이번,엔,친절,해졌,네요,살찔,재료,를,아끼,지,않,은,풍성,한,맛,의,빵집,이,에요"
달빛향기,5,카페 불모지인 공릉동에 생긴 핫한 곳 라라브레드는 브런치 즐기기 좋은 예쁜 베이커리 카페,카페 불모지인 공릉동에 생긴 핫한 곳 라라 브레드는 브런치 즐기기 좋은 예쁜 베이커리 카페,"카페,불모지,인,공릉동,에,생긴,핫,한,곳,라라,브레드,는,브런치,즐기,기,좋,은,예쁜,베이커리,카페"
태미,4,연유버터나 앙버터를 제일 좋아함 분위기 좋고 빵맛도 좋지만 조금 비싼게 흠,연유 버터나 앙버터를 제일 좋아함 분위기 좋고 빵 맛도 좋지만 조금 비싼 게 흠,"연유,버터,나,앙,버터,를,제일,좋아함,분위기,좋,고,빵,맛,도,좋,지만,조금,비싼,게,흠"
계프,4,주말엔 브런치 시간에 사람 많아요 자리 있나 확인하고 주문하세요 1층에선 주문 그냥 다 받거든요,주말엔 브런치 시간에 사람 많아요 자리 있나 확인하고 주문하세요 1층에선 주문 그냥 다 받거든요,"주말,엔,브런치,시간,에,사람,많,아요,자리,있,나,확인,하,고,주문,하,세요,1,층,에선,주문,그냥,다,받,거든요"
듬지,5,공릉동 경춘선 숲길에 있는 라라브레드 오픈한 지는 얼마되지 않지만 신선한 빵과 오픈샌드위치 등의 브런치를 즐기기 위해 많은 손님이 찾는 공릉브런치 공릉카페입니다,공릉동 경춘선 숲길에 있는 라라 브레드 오픈한 지는 얼마 되지 않지만 신선한 빵과 오픈샌드위치 등의 브런치를 즐기기 위해 많은 손님이 찾는 공릉 브런치 공릉 카페입니다,"공릉동,경춘선,숲길,에,있,는,라라,브레드,오픈,한,지,는,얼마,되,지,않,지만,신선,한,빵,과,오픈,샌드위치,등,의,브런치,를,즐기,기,위해,많,은,손,님,이,찾,는,공릉,브런치,공릉,카페,입니다"
Pine Tree,1,빵은 겁나 맛있음 그러나 직원들이 불친절함 내가 왜 직원에게 감정노동을 당해야 하는가  그리고 내용물이 있는 빵은 썰어달라고 해도 안썰어 준다 모양 망가진다고 그냥 소비자에게 썰어먹으라는 것인데 난 망가져도 썰어줬으면 좋겠건만  브런치 먹고싶었는데 자리가 없어서 내려옴 그런데 빈자리 있냐고 물어봤는데 그건 손님이 알아서 확인해야 한다고 답변을 받음 Cctv설치하면 파악가능한 것을 3층까지 힘들게 올라갔다,빵은 겁나 맛있음 그러나 직원들이 불친절함 내가 왜 직원에게 감정노동을 당해야 하는가  그리고 내용물이 있는 빵은 썰어달라고 해도 안 썰어 준다 모양 망가진다고 그냥 소비자에게 썰어먹으라는 것인데 난 망가져도 썰어줬으면 좋겠건만  브런치 먹고 싶었는데 자리가 없어서 내려옴 그런데 빈자리 있냐고 물어봤는데 그건 손님이 알아서 확인해야 한다고 답변을 받음 Cctv 설치하면 파악 가능한 것을 3층까지 힘들게 올라갔다,"빵,은,겁나,맛있,음,그러나,직원,들,이,불,친절,함,내,가,왜,직원,에게,감정,노동,을,당해야,하,는가,그리고,내용물,이,있,는,빵,은,썰,어,달,라고,해도,안,썰,어,준다,모양,망가,진다고,그냥,소비자,에게,썰,어,먹,으라는,것,인데,난,망가져도,썰,어,줬,으면,좋,겠,건만,브런치,먹,고,싶,었,는데,자리,가,없,어서,내려옴,그런데,빈자리,있,냐고,물,어,봤,는데,그건,손,님,이,알,아서,확인,해야,한다고,답변,을,받,음,Cctv,설치,하,면,파악,가능,한,것,을,3,층,까지,힘들,게,올라갔,다"
연이,3,빵맛은 좋음 장소가 너무 비좁은듯,빵 맛은 좋음 장소가 너무 비좁은 듯,"빵,맛,은,좋,음,장소,가,너무,비좁,은,듯"
이수,4,분위기 좋은 공리단길 카페,분위기 좋은 경리단길 카페,"분위기,좋,은,경리,단,길,카페"
bittersweet,5,짱좋,정말 좋,"정말,좋"
bittersweet,4,좋아요,좋아요,"좋,아요"
bittersweet,5,라라브레드 넘 좋아요 공릉점은 처음인데 여기도 역시 좋네요 쫄깃식빵 개맛잇어,라라 브레드 너무 좋아요 공릉점은 처음인데 여기도 역시 좋네요 쫄깃 식빵 개 맛있어,"라라,브레드,너무,좋,아요,공릉,점,은,처음,인데,여기,도,역시,좋,네요,쫄깃,식빵,개,맛있,어"
블라썸,5,라라브레는 빵 진짜 마약입니다 늠 맛있엉,라라 브레는 빵 진짜 마약입니다 늠 맛있어,"라라,브레,는,빵,진짜,마약,입니다,늠,맛있,어"
vV,4,철길에 위치했고 건물이 너무 이뻐요 빵이외에도 브런치형식의 조리된 음식도 팔고 가게앞에 메뉴판에서 확인할 수 있어요,철길에 위치했고 건물이 너무 이뻐요 빵 이외에도 브런치 형식의 조리된 음식도 팔고 가게 앞에 메뉴판에서 확인할 수 있어요,"철길,에,위치,했,고,건물,이,너무,이뻐요,빵,이외,에,도,브런치,형식,의,조리,된,음식,도,팔,고,가게,앞,에,메뉴판,에서,확인,할,수,있,어요"
사막여우,4,팥절미 맛나요 늘 갈 때마다 없었는데 운 좋게 획득,팥 절미 맛나요 늘 갈 때마다 없었는데 운 좋게 획득,"팥,절미,맛나,요,늘,갈,때,마다,없,었,는데,운,좋,게,획득"
aquarious,5,모든 메뉴가 맛있는 브런치 맛집,모든 메뉴가 맛있는 브런치 맛집,"모든,메뉴,가,맛있,는,브런치,맛집"
블라썸,5,핫한 곳이라 그런지 발디딜틈이 없고 앉을 자리 기다리다 결국 빵만 테잌아웃해왔네요 어쩜 빵이 다 그리 맛있는지 빵한테 감동받고 치유받았네요 ,핫한 곳이라 그런지 발 디딜 틈이 없고 앉을 자리 기다리다 결국 빵만 테이크 아웃해 왔네요 어쩜 빵이 다 그리 맛있는지 빵 한 테 감동받고 치유받았네요 ,"핫,한,곳,이,라,그런지,발,디딜,틈,이,없,고,앉,을,자리,기다리,다,결국,빵,만,테이크,아웃,해,왔,네요,어쩜,빵,이,다,그리,맛있,는지,빵,한,테,감동,받,고,치유,받,았,네요"
didgusal123,5,빵 하나씩 다 먹어보고싶음,빵 하나씩 다 먹어보고 싶음,"빵,하나,씩,다,먹,어,보,고,싶,음"
뼛속까지회사원,4,2번째 방문  오늘은 빵이다,2번째 방문  오늘은 빵이다,"2,번,째,방문,오늘,은,빵,이,다"
뼛속까지회사원,4,밥과 빵과 커피를 한큐에 해결할 수 있는 곳  페스추리피자 JMT ,밥과 빵과 커피를 한큐에 해결할 수 있는 곳  페이스트리 피자 JMT ,"밥,과,빵,과,커피,를,한큐,에,해결,할,수,있,는,곳,페이스트리,피자,JMT"
글쟁이,4,1 전국적으로 유명한 베이커리 브런치카페인 라라브레드의 공릉점 2 팥절미가 가장 유명한데 1인당 5개가 제한이고 두번 나오니 오후 4시를 노릴 것 3 주차불가 브런치를 즐기려면 버스나 지하철 이용후 걷거나 빵만 사려면 바로 옆 이마트24에서 물건 사고 협조를 구할것 4 더 자세한건 블로그  종현군의 세상읽기 참고,1 전국적으로 유명한 베이커리 브런치 카페인 라라 브레드의 공릉점 2 팥 절미가 가장 유명한데 1인당 5개가 제한이고 두 번 나오니 오후 4시를 노릴 것 3 주 차 불가 브런치를 즐기려면 버스나 지하철 이용 후 걷거나 빵만 사려면 바로 옆 이마트 24에서 물건 사고 협조를 구할 것 4 더 자세한 건 블로그  종현 군의 세상 읽기 참고,"1,전국,적,으로,유명,한,베이커리,브런치,카페인,라라,브레드,의,공릉,점,2,팥,절미,가,가장,유명,한,데,1,인,당,5,개,가,제한,이,고,두,번,나오,니,오후,4,시,를,노릴,것,3,주,차,불가,브런치,를,즐기,려면,버스,나,지하철,이용,후,걷,거나,빵,만,사,려면,바로,옆,이마트,24,에서,물건,사고,협조,를,구할,것,4,더,자세,한,건,블로그,종현,군,의,세상,읽,기,참,고"
계프,4,브런치 드시러 많이 오더라고요 빵도 맛있습니다 물감모양 잼도 선물하기 재미있겠어요 색칠 종이도 준비되어 있는 거보니 키즈 프렌들리한 곳처럼 보이네요 계단이라 유모차 가지고 들어가기엔 어림도 없겠지만,브런치 드시러 많이 오더라고요 빵도 맛있습니다 물감 모양 잼도 선물하기 재미있겠어요 색칠 종이도 준비되어 있는 거 보니 키즈 프렌들리 한 곳처럼 보이네요 계단이라 유모차 가지고 들어가기엔 어림도 없겠지만,"브런치,드,시,러,많이,오,더라고요,빵,도,맛있,습니다,물감,모양,잼,도,선물,하,기,재미있,겠,어요,색칠,종이,도,준비,되,어,있,는,거,보,니,키즈,프렌들리,한,곳,처럼,보이,네요,계단,이,라,유모차,가지,고,들어가,기,엔,어림,도,없,겠,지만"
럽리,3,맛있어요,맛있어요,"맛있,어요"
히키,5,라라고구마 맛있음,라라 고구마 맛있음,"라라,고구마,맛있,음"
솜사탕,3,좋아요,좋아요,"좋,아요"
솜사탕,3,좋아요,좋아요,"좋,아요"
hye6568,4,3층 규모 카페에요 새로 생겨서 다녀왔어요  맛은 좋은데 가격대는 좀 있는 편이에요 ,3층 규모 카페에요 새로 생겨서 다녀왔어요  맛은 좋은데 가격대는 좀 있는 편이에요 ,"3,층,규모,카페,에,요,새로,생겨서,다녀왔,어요,맛,은,좋,은데,가격대,는,좀,있,는,편,이,에요"
spi****,5,새로생긴 빵 브런치집 1층은 빵 팔고 24 층은 부론치 즐길수있음 브런치가격 적당한편 제일비싼게 만오천원정도 맛도잇고푸짐함 강츄,새로 생긴 빵 브런치 집 1층은 빵 팔고 24 층은 거론치 즐길 수 있음 브런치 가격 적당한 편 제일 비싼 게 만 오천 원 정도 맛도 잇고 푸짐함 강츄,"새로,생긴,빵,브런치,집,1,층,은,빵,팔,고,24,층,은,거론,치,즐길,수,있,음,브런치,가격,적당,한,편,제일,비싼,게,만,오,천,원,정도,맛,도,잇,고,푸짐,함,강추"
